{"content":[{"id":1,"content_type":"page","subtype":"dynamic","url":"home","title":"Home","parent":"0","description":null,"position":"0","content":null,"content_body":null,"is_active":"1","subtype_value":null,"custom_type":null,"custom_type_value":null,"active_site_template":null,"layout_file":"index.php","layout_name":null,"layout_style":null,"content_filename":null,"original_link":null,"is_home":"1","is_pinged":"0","is_shop":"0","is_deleted":"0","require_login":"0","status":null,"content_meta_title":null,"content_meta_keywords":null,"session_id":"WlQw2yzaLWe3nrdoJWmO18p9uPr60ddbUEeUmL5V","updated_at":"2018-01-24 12:29:06","created_at":"2018-01-23 09:11:16","expires_at":null,"created_by":null,"edited_by":"1","posted_at":"2018-01-23 11:36:23","draft_of":null,"copy_of":null},{"id":2,"content_type":"page","subtype":"static","url":"jared-carlson","title":"JARED CARLSON","parent":"0","description":"","position":"1","content":null,"content_body":null,"is_active":"1","subtype_value":"","custom_type":null,"custom_type_value":null,"active_site_template":"default","layout_file":"index.php","layout_name":null,"layout_style":null,"content_filename":null,"original_link":"","is_home":"0","is_pinged":"0","is_shop":"0","is_deleted":"1","require_login":"0","status":null,"content_meta_title":"","content_meta_keywords":"","session_id":"JU2WUXE7tFTV2F2pDHQ9gExHAoeAqYLByPy512FY","updated_at":"2018-01-23 11:31:16","created_at":"2018-01-23 11:31:15","expires_at":null,"created_by":"1","edited_by":"1","posted_at":"2018-01-23 11:31:15","draft_of":null,"copy_of":null},{"id":3,"content_type":"page","subtype":"dynamic","url":"blog","title":"Blog","parent":"0","description":null,"position":"-2","content":null,"content_body":null,"is_active":"1","subtype_value":null,"custom_type":null,"custom_type_value":null,"active_site_template":"default","layout_file":"layouts\/blog.php","layout_name":null,"layout_style":null,"content_filename":null,"original_link":null,"is_home":"0","is_pinged":"0","is_shop":"0","is_deleted":"0","require_login":"0","status":null,"content_meta_title":null,"content_meta_keywords":null,"session_id":"WlQw2yzaLWe3nrdoJWmO18p9uPr60ddbUEeUmL5V","updated_at":"2018-01-24 08:50:32","created_at":"2018-01-23 11:31:38","expires_at":null,"created_by":"1","edited_by":"1","posted_at":"2018-01-24 08:50:32","draft_of":null,"copy_of":null},{"id":4,"content_type":"post","subtype":"post","url":"jared-carlson-1","title":"JARED CARLSON","parent":"20","description":"","position":"2","content":"\n                            \n                            \n                            <div class=\"element\">\n                                <p class=\"element\">This text is set by default and is suitable for edit in real time. By default the drag and drop core feature will allow you to position it anywhere\n                                    on the site. Get creative, Make Web.<\/p>\n                            <\/div>\n                        \n                        \n                        ","content_body":null,"is_active":"1","subtype_value":"","custom_type":null,"custom_type_value":null,"active_site_template":"","layout_file":"inherit","layout_name":null,"layout_style":null,"content_filename":null,"original_link":"","is_home":"0","is_pinged":"0","is_shop":"0","is_deleted":"0","require_login":"0","status":null,"content_meta_title":"","content_meta_keywords":"","session_id":"JU2WUXE7tFTV2F2pDHQ9gExHAoeAqYLByPy512FY","updated_at":"2018-01-23 12:49:51","created_at":"2018-01-23 11:31:45","expires_at":null,"created_by":"1","edited_by":"1","posted_at":"2018-01-23 11:31:45","draft_of":null,"copy_of":null},{"id":5,"content_type":"post","subtype":"post","url":"maja-topcagic","title":"MAJA TOP\u00c4\u008cAGI\u00c4\u0086","parent":"20","description":"","position":"3","content":"\n                            \n                            \n                            <div class=\"element\">\n                                <p class=\"element element-over\" id=\"element_1516710294148\">This text is set by default and is suitable for edit in real time. By default the drag and drop core feature will allow you to position it anywhere\n                                    on the site. Get creative, Make Web.<\/p>\n                            <\/div>\n                        \n                        \n                        ","content_body":null,"is_active":"1","subtype_value":"","custom_type":null,"custom_type_value":null,"active_site_template":"","layout_file":"inherit","layout_name":null,"layout_style":null,"content_filename":null,"original_link":"","is_home":"0","is_pinged":"0","is_shop":"0","is_deleted":"0","require_login":"0","status":null,"content_meta_title":"","content_meta_keywords":"","session_id":"JU2WUXE7tFTV2F2pDHQ9gExHAoeAqYLByPy512FY","updated_at":"2018-01-23 12:25:19","created_at":"2018-01-23 11:33:28","expires_at":null,"created_by":"1","edited_by":"1","posted_at":"2018-01-23 11:33:28","draft_of":null,"copy_of":null},{"id":6,"content_type":"post","subtype":"post","url":"michal-vitek","title":"MICHAL VITEK","parent":"1","description":"","position":"4","content":"\n                            <module class=\"module module module-pictures \" data-mw-title=\"Picture Gallery\" id=\"module-pictures-6\" data-type=\"pictures\" data-template=\"simple\" rel=\"content\" parent-module=\"pictures\" parent-module-id=\"module-pictures-6\"><\/module><div class=\"element\">\n                                <p class=\"element\" id=\"element_1516707377484\">This text is set by default and is suitable for edit in real time. By default the drag and drop core feature will allow you to position it anywhere\n                                    on the site. Get creative, Make Web.<\/p>\n                            <\/div>\n                        ","content_body":null,"is_active":"1","subtype_value":"","custom_type":null,"custom_type_value":null,"active_site_template":"","layout_file":"inherit","layout_name":null,"layout_style":null,"content_filename":null,"original_link":"","is_home":"0","is_pinged":"0","is_shop":"0","is_deleted":"0","require_login":"0","status":null,"content_meta_title":"","content_meta_keywords":"","session_id":"JU2WUXE7tFTV2F2pDHQ9gExHAoeAqYLByPy512FY","updated_at":"2018-01-23 11:36:24","created_at":"2018-01-23 11:36:23","expires_at":null,"created_by":"1","edited_by":"1","posted_at":"2018-01-23 11:36:23","draft_of":null,"copy_of":null},{"id":7,"content_type":"post","subtype":"post","url":"silviu-mustatea","title":"SILVIU MUSTATEA","parent":"20","description":"","position":"5","content":"\n                            \n                            \n                            \n                            \n                            \n                            \n                            <div class=\"element\">\n                                <p id=\"dlp-item-1516707491903\" class=\"element\">Lorem ipsum dolor sit amet, consectetur adipiscing elit. Morbi a odio aliquet, ornare felis vehicula, dapibus urna. Fusce nec nisl nisi. Sed vitae nibh vitae elit sollicitudin condimentum sed vel lectus. Maecenas odio massa, imperdiet ultricies diam quis, blandit vehicula est. Quisque suscipit dolor nec ante efficitur egestas. Cras dictum diam ut hendrerit semper. Fusce vitae diam erat. Sed non cursus dolor. Suspendisse vehicula sed ante sed volutpat.<\/p>\n<p id=\"dlp-item-1516707491904\" class=\"element\">Maecenas non purus at augue faucibus pulvinar. Cras volutpat volutpat magna at tempus. In eleifend, nulla eget egestas pellentesque, nisl mi pellentesque purus, vel imperdiet nibh orci sed ipsum. Etiam ullamcorper commodo luctus. Aliquam et tincidunt magna. Ut scelerisque lacus sed ex faucibus finibus.\u00c2\u00a0 Mauris faucibus efficitur massa, quis molestie tellus sagittis a. Etiam odio ligula, pretium sed aliquam eget, interdum id leo.<\/p>\n<p id=\"dlp-item-1516707491905\" class=\"element\">Aliquam vulputate condimentum erat eget malesuada. Nunc augue arcu, pharetra non ullamcorper ac, rutrum et enim. Maecenas sagittis libero ac dapibus lobortis. Donec efficitur dapibus nulla at lobortis. Nulla posuere tincidunt risus, at scelerisque ex accumsan ac. Quisque vehicula ex ac mauris euismod pharetra.\u00c2\u00a0 Aliquam vitae nisl lobortis nunc vulputate rutrum id ac ante. Maecenas at condimentum mauris. Nulla vitae nisi ut nisi cursus vestibulum sit amet ac mauris. Quisque molestie tellus nec accumsan sodales. Etiam sollicitudin consectetur feugiat. Integer placerat mattis ante quis dictum.<\/p>\n<p id=\"dlp-item-1516707491906\" class=\"element\">Proin ac pellentesque mi. Aliquam sodales non lectus sed placerat.\u00c2\u00a0 Suspendisse non fringilla metus. Phasellus in ultrices eros. Donec vitae est tempus nunc laoreet ornare. Praesent in lacus sed odio auctor tincidunt at et metus. Donec consequat euismod risus, a fringilla lacus volutpat eget. Proin nunc nunc, bibendum nec dui et, mollis volutpat ipsum. Vivamus venenatis magna nec malesuada fringilla.\u00c2\u00a0<\/p>\n<p id=\"dlp-item-1516707491907\" class=\"element\">Curabitur risus odio, tempor quis porta id, aliquet a nisi. Nulla mattis libero et ipsum eleifend mollis. Fusce accumsan augue orci. Duis feugiat tincidunt sapien. Nullam eu suscipit erat, id interdum lectus. Nulla vel scelerisque eros. Sed auctor velit vel augue viverra, sagittis aliquam sem pulvinar. Cum sociis natoque penatibus et magnis dis parturient montes, nascetur ridiculus mus. Curabitur rhoncus tellus nisi, vel mollis turpis vestibulum cursus. Proin risus nisi, finibus at turpis vitae, pellentesque tristique urna. Etiam dolor velit, placerat eget pharetra non, tincidunt sollicitudin neque.<\/p>\n<p class=\"element\" id=\"element_1516707491525\"><\/p>\n<p id=\"dlp-item-1516707491908\" class=\"element\">Ut commodo tristique neque, in efficitur massa venenatis et. Curabitur imperdiet, neque vel vestibulum mollis, risus ex efficitur nunc, a pretium tellus nisl in dui. Quisque pharetra nulla pulvinar arcu eleifend pellentesque.<\/p>\n                            <\/div>\n                        \n                        \n                        \n                        \n                        \n                        \n                        ","content_body":null,"is_active":"1","subtype_value":"","custom_type":null,"custom_type_value":null,"active_site_template":"","layout_file":"inherit","layout_name":null,"layout_style":null,"content_filename":null,"original_link":"","is_home":"0","is_pinged":"0","is_shop":"0","is_deleted":"0","require_login":"0","status":null,"content_meta_title":"","content_meta_keywords":"","session_id":"JU2WUXE7tFTV2F2pDHQ9gExHAoeAqYLByPy512FY","updated_at":"2018-01-23 12:49:20","created_at":"2018-01-23 11:38:44","expires_at":null,"created_by":"1","edited_by":"1","posted_at":"2018-01-23 11:38:44","draft_of":null,"copy_of":null},{"id":8,"content_type":"post","subtype":"post","url":"americano","title":"AMERICANO","parent":"20","description":"","position":"6","content":"\n                            \n                            \n                            <div class=\"element\">\n                                <p class=\"element\">This text is set by default and is suitable for edit in real time. By default the drag and drop core feature will allow you to position it anywhere\n                                    on the site. Get creative, Make Web.<\/p>\n                            <\/div>\n                        \n                        \n                        ","content_body":null,"is_active":"1","subtype_value":"","custom_type":null,"custom_type_value":null,"active_site_template":"","layout_file":"inherit","layout_name":null,"layout_style":null,"content_filename":null,"original_link":"","is_home":"0","is_pinged":"0","is_shop":"0","is_deleted":"0","require_login":"0","status":null,"content_meta_title":"","content_meta_keywords":"","session_id":"JU2WUXE7tFTV2F2pDHQ9gExHAoeAqYLByPy512FY","updated_at":"2018-01-23 12:48:27","created_at":"2018-01-23 11:39:49","expires_at":null,"created_by":"1","edited_by":"1","posted_at":"2018-01-23 11:39:49","draft_of":null,"copy_of":null},{"id":9,"content_type":"post","subtype":"post","url":"jon-inge-nordnes","title":"JON INGE NORDNES","parent":"20","description":"","position":"7","content":"\n                            \n                            \n                            <div class=\"element\">\n                                <p class=\"element\">This text is set by default and is suitable for edit in real time. By default the drag and drop core feature will allow you to position it anywhere\n                                    on the site. Get creative, Make Web.<\/p>\n                            <\/div>\n                        \n                        \n                        ","content_body":null,"is_active":"1","subtype_value":"","custom_type":null,"custom_type_value":null,"active_site_template":"","layout_file":"inherit","layout_name":null,"layout_style":null,"content_filename":null,"original_link":"","is_home":"0","is_pinged":"0","is_shop":"0","is_deleted":"0","require_login":"0","status":null,"content_meta_title":"","content_meta_keywords":"","session_id":"JU2WUXE7tFTV2F2pDHQ9gExHAoeAqYLByPy512FY","updated_at":"2018-01-23 12:48:10","created_at":"2018-01-23 11:40:36","expires_at":null,"created_by":"1","edited_by":"1","posted_at":"2018-01-23 11:40:36","draft_of":null,"copy_of":null},{"id":10,"content_type":"post","subtype":"post","url":"alvaro-salas","title":"\u00c3\u0081LVARO SALAS","parent":"20","description":"","position":"8","content":"\n                            \n                            \n                            <div class=\"element\">\n                                <p class=\"element\">This text is set by default and is suitable for edit in real time. By default the drag and drop core feature will allow you to position it anywhere\n                                    on the site. Get creative, Make Web.<\/p>\n                            <\/div>\n                        \n                        \n                        ","content_body":null,"is_active":"1","subtype_value":"","custom_type":null,"custom_type_value":null,"active_site_template":"","layout_file":"inherit","layout_name":null,"layout_style":null,"content_filename":null,"original_link":"","is_home":"0","is_pinged":"0","is_shop":"0","is_deleted":"0","require_login":"0","status":null,"content_meta_title":"","content_meta_keywords":"","session_id":"JU2WUXE7tFTV2F2pDHQ9gExHAoeAqYLByPy512FY","updated_at":"2018-01-23 12:47:55","created_at":"2018-01-23 11:44:22","expires_at":null,"created_by":"1","edited_by":"1","posted_at":"2018-01-23 11:44:22","draft_of":null,"copy_of":null},{"id":11,"content_type":"post","subtype":"post","url":"laurent-miss","title":"LAURENT MISS","parent":"20","description":"","position":"9","content":"\n                            \n                            \n                            <div class=\"element\">\n                                <p class=\"element\">This text is set by default and is suitable for edit in real time. By default the drag and drop core feature will allow you to position it anywhere\n                                    on the site. Get creative, Make Web.<\/p>\n                            <\/div>\n                        \n                        \n                        ","content_body":null,"is_active":"1","subtype_value":"","custom_type":null,"custom_type_value":null,"active_site_template":"","layout_file":"inherit","layout_name":null,"layout_style":null,"content_filename":null,"original_link":"","is_home":"0","is_pinged":"0","is_shop":"0","is_deleted":"0","require_login":"0","status":null,"content_meta_title":"","content_meta_keywords":"","session_id":"JU2WUXE7tFTV2F2pDHQ9gExHAoeAqYLByPy512FY","updated_at":"2018-01-23 12:40:33","created_at":"2018-01-23 11:44:49","expires_at":null,"created_by":"1","edited_by":"1","posted_at":"2018-01-23 11:44:49","draft_of":null,"copy_of":null},{"id":12,"content_type":"post","subtype":"post","url":"enes-uygun","title":"ENES UYGUN","parent":"20","description":"","position":"10","content":"\n                            \n                            \n                            <div class=\"element\">\n                                <p class=\"element\">This text is set by default and is suitable for edit in real time. By default the drag and drop core feature will allow you to position it anywhere\n                                    on the site. Get creative, Make Web.<\/p>\n                            <\/div>\n                        \n                        \n                        ","content_body":null,"is_active":"1","subtype_value":"","custom_type":null,"custom_type_value":null,"active_site_template":"","layout_file":"inherit","layout_name":null,"layout_style":null,"content_filename":null,"original_link":"","is_home":"0","is_pinged":"0","is_shop":"0","is_deleted":"0","require_login":"0","status":null,"content_meta_title":"","content_meta_keywords":"","session_id":"JU2WUXE7tFTV2F2pDHQ9gExHAoeAqYLByPy512FY","updated_at":"2018-01-23 12:40:18","created_at":"2018-01-23 11:45:14","expires_at":null,"created_by":"1","edited_by":"1","posted_at":"2018-01-23 11:45:14","draft_of":null,"copy_of":null},{"id":13,"content_type":"post","subtype":"post","url":"sarawut-intarob","title":"SARAWUT INTAROB","parent":"20","description":"","position":"11","content":"\n                            \n                            \n                            <div class=\"element\">\n                                <p class=\"element\">This text is set by default and is suitable for edit in real time. By default the drag and drop core feature will allow you to position it anywhere\n                                    on the site. Get creative, Make Web.<\/p>\n                            <\/div>\n                        \n                        \n                        ","content_body":null,"is_active":"1","subtype_value":"","custom_type":null,"custom_type_value":null,"active_site_template":"","layout_file":"inherit","layout_name":null,"layout_style":null,"content_filename":null,"original_link":"","is_home":"0","is_pinged":"0","is_shop":"0","is_deleted":"0","require_login":"0","status":null,"content_meta_title":"","content_meta_keywords":"","session_id":"JU2WUXE7tFTV2F2pDHQ9gExHAoeAqYLByPy512FY","updated_at":"2018-01-23 12:40:05","created_at":"2018-01-23 11:45:46","expires_at":null,"created_by":"1","edited_by":"1","posted_at":"2018-01-23 11:45:46","draft_of":null,"copy_of":null},{"id":14,"content_type":"post","subtype":"post","url":"jose-vazquez","title":"JOSE VAZQUEZ","parent":"20","description":"","position":"12","content":"\n                            \n                            \n                            <div class=\"element\">\n                                <p class=\"element\" id=\"element_1516707970622\">This text is set by default and is suitable for edit in real time. By default the drag and drop core feature will allow you to position it anywhere\n                                    on the site. Get creative, Make Web.<\/p>\n                            <\/div>\n                        \n                        \n                        ","content_body":null,"is_active":"1","subtype_value":"","custom_type":null,"custom_type_value":null,"active_site_template":"","layout_file":"inherit","layout_name":null,"layout_style":null,"content_filename":null,"original_link":"","is_home":"0","is_pinged":"0","is_shop":"0","is_deleted":"0","require_login":"0","status":null,"content_meta_title":"","content_meta_keywords":"","session_id":"JU2WUXE7tFTV2F2pDHQ9gExHAoeAqYLByPy512FY","updated_at":"2018-01-23 12:39:49","created_at":"2018-01-23 11:46:16","expires_at":null,"created_by":"1","edited_by":"1","posted_at":"2018-01-23 11:46:16","draft_of":null,"copy_of":null},{"id":15,"content_type":"post","subtype":"post","url":"aleksandra-bandomir","title":"ALEKSANDRA BANDOMIR","parent":"20","description":"","position":"13","content":"\n                            \n                            \n                            <div class=\"element\">\n                                <p class=\"element\">This text is set by default and is suitable for edit in real time. By default the drag and drop core feature will allow you to position it anywhere\n                                    on the site. Get creative, Make Web.<\/p>\n                            <\/div>\n                        \n                        \n                        ","content_body":null,"is_active":"1","subtype_value":"","custom_type":null,"custom_type_value":null,"active_site_template":"","layout_file":"inherit","layout_name":null,"layout_style":null,"content_filename":null,"original_link":"","is_home":"0","is_pinged":"0","is_shop":"0","is_deleted":"0","require_login":"0","status":null,"content_meta_title":"","content_meta_keywords":"","session_id":"JU2WUXE7tFTV2F2pDHQ9gExHAoeAqYLByPy512FY","updated_at":"2018-01-23 12:39:39","created_at":"2018-01-23 11:46:40","expires_at":null,"created_by":"1","edited_by":"1","posted_at":"2018-01-23 11:46:40","draft_of":null,"copy_of":null},{"id":16,"content_type":"post","subtype":"post","url":"bruno-demostene","title":"BRUNO DEMOSTENE","parent":"20","description":"","position":"14","content":"\n                            \n                            \n                            <div class=\"element\">\n                                <p class=\"element\" id=\"element_1516708027310\">This text is set by default and is suitable for edit in real time. By default the drag and drop core feature will allow you to position it anywhere\n                                    on the site. Get creative, Make Web.<\/p>\n                            <\/div>\n                        \n                        \n                        ","content_body":null,"is_active":"1","subtype_value":"","custom_type":null,"custom_type_value":null,"active_site_template":"","layout_file":"inherit","layout_name":null,"layout_style":null,"content_filename":null,"original_link":"","is_home":"0","is_pinged":"0","is_shop":"0","is_deleted":"0","require_login":"0","status":null,"content_meta_title":"","content_meta_keywords":"","session_id":"JU2WUXE7tFTV2F2pDHQ9gExHAoeAqYLByPy512FY","updated_at":"2018-01-23 12:37:28","created_at":"2018-01-23 11:47:17","expires_at":null,"created_by":"1","edited_by":"1","posted_at":"2018-01-23 11:47:17","draft_of":null,"copy_of":null},{"id":17,"content_type":"post","subtype":"post","url":"waleed-pervaiz","title":"WALEED PERVAIZ","parent":"20","description":"","position":"15","content":"\n                            \n                            \n                            <div class=\"element\">\n                                <p class=\"element\">This text is set by default and is suitable for edit in real time. By default the drag and drop core feature will allow you to position it anywhere\n                                    on the site. Get creative, Make Web.<\/p>\n                            <\/div>\n                        \n                        \n                        ","content_body":null,"is_active":"1","subtype_value":"","custom_type":null,"custom_type_value":null,"active_site_template":"","layout_file":"inherit","layout_name":null,"layout_style":null,"content_filename":null,"original_link":"","is_home":"0","is_pinged":"0","is_shop":"0","is_deleted":"0","require_login":"0","status":null,"content_meta_title":"","content_meta_keywords":"","session_id":"JU2WUXE7tFTV2F2pDHQ9gExHAoeAqYLByPy512FY","updated_at":"2018-01-23 12:37:05","created_at":"2018-01-23 11:47:42","expires_at":null,"created_by":"1","edited_by":"1","posted_at":"2018-01-23 11:47:42","draft_of":null,"copy_of":null},{"id":18,"content_type":"post","subtype":"post","url":"igor-protchenko","title":"IGOR PROTCHENKO","parent":"20","description":"","position":"16","content":null,"content_body":null,"is_active":"1","subtype_value":"","custom_type":null,"custom_type_value":null,"active_site_template":"","layout_file":"inherit","layout_name":null,"layout_style":null,"content_filename":null,"original_link":"","is_home":"0","is_pinged":"0","is_shop":"0","is_deleted":"0","require_login":"0","status":null,"content_meta_title":"","content_meta_keywords":"","session_id":"JU2WUXE7tFTV2F2pDHQ9gExHAoeAqYLByPy512FY","updated_at":"2018-01-23 12:06:17","created_at":"2018-01-23 11:48:02","expires_at":null,"created_by":"1","edited_by":"1","posted_at":"2018-01-23 11:48:02","draft_of":null,"copy_of":null},{"id":19,"content_type":"post","subtype":"post","url":"anthony-lafata","title":"ANTHONY LAFATA","parent":"20","description":"","position":"17","content":"\n                            \n                            \n                            <div class=\"element\">\n                                <p class=\"element\">This text is set by default and is suitable for edit in real time. By default the drag and drop core feature will allow you to position it anywhere\n                                    on the site. Get creative, Make Web.<\/p>\n                            <\/div>\n                        \n                        \n                        ","content_body":null,"is_active":"1","subtype_value":"","custom_type":null,"custom_type_value":null,"active_site_template":"","layout_file":"inherit","layout_name":null,"layout_style":null,"content_filename":null,"original_link":"","is_home":"0","is_pinged":"0","is_shop":"0","is_deleted":"0","require_login":"0","status":null,"content_meta_title":"","content_meta_keywords":"","session_id":"JU2WUXE7tFTV2F2pDHQ9gExHAoeAqYLByPy512FY","updated_at":"2018-01-23 12:40:56","created_at":"2018-01-23 11:48:27","expires_at":null,"created_by":"1","edited_by":"1","posted_at":"2018-01-23 11:48:27","draft_of":null,"copy_of":null},{"id":20,"content_type":"page","subtype":"dynamic","url":"portfolio","title":"Portfolio","parent":"0","description":"","position":"-1","content":null,"content_body":null,"is_active":"1","subtype_value":null,"custom_type":null,"custom_type_value":null,"active_site_template":"default","layout_file":"layouts__portfolio.php","layout_name":null,"layout_style":null,"content_filename":null,"original_link":"","is_home":"0","is_pinged":"0","is_shop":"0","is_deleted":"0","require_login":"0","status":null,"content_meta_title":"","content_meta_keywords":"","session_id":"WlQw2yzaLWe3nrdoJWmO18p9uPr60ddbUEeUmL5V","updated_at":"2018-01-24 08:49:36","created_at":"2018-01-23 12:04:22","expires_at":null,"created_by":"1","edited_by":"1","posted_at":"2018-01-24 08:49:35","draft_of":null,"copy_of":null},{"id":21,"content_type":"post","subtype":"post","url":"test","title":"test","parent":"20","description":"","position":"18","content":"\n                            <div class=\"element\">\n                                <p align=\"justify\" class=\"element element-over\" id=\"element_1516710131942\">dsadsadasda sdsa<\/p>\n                            <\/div>\n                        ","content_body":null,"is_active":"1","subtype_value":"","custom_type":null,"custom_type_value":null,"active_site_template":"","layout_file":"inherit","layout_name":null,"layout_style":null,"content_filename":null,"original_link":"","is_home":"0","is_pinged":"0","is_shop":"0","is_deleted":"1","require_login":"0","status":null,"content_meta_title":"","content_meta_keywords":"","session_id":"JU2WUXE7tFTV2F2pDHQ9gExHAoeAqYLByPy512FY","updated_at":"2018-01-23 12:22:34","created_at":"2018-01-23 12:22:31","expires_at":null,"created_by":"1","edited_by":"1","posted_at":"2018-01-23 12:22:31","draft_of":null,"copy_of":null},{"id":22,"content_type":"page","subtype":"static","url":"clean","title":"Clean","parent":"0","description":"","position":"-4","content":null,"content_body":null,"is_active":"1","subtype_value":"","custom_type":null,"custom_type_value":null,"active_site_template":"default","layout_file":"clean.php","layout_name":null,"layout_style":null,"content_filename":null,"original_link":"","is_home":"0","is_pinged":"0","is_shop":"0","is_deleted":"0","require_login":"0","status":null,"content_meta_title":"","content_meta_keywords":"","session_id":"WlQw2yzaLWe3nrdoJWmO18p9uPr60ddbUEeUmL5V","updated_at":"2018-01-24 12:14:12","created_at":"2018-01-23 13:22:50","expires_at":null,"created_by":"1","edited_by":"1","posted_at":"2018-01-23 13:22:50","draft_of":null,"copy_of":null},{"id":23,"content_type":"page","subtype":"static","url":"about-us","title":"About us","parent":"0","description":"","position":"-5","content":null,"content_body":null,"is_active":"1","subtype_value":"","custom_type":null,"custom_type_value":null,"active_site_template":"default","layout_file":"layouts__about-us.php","layout_name":null,"layout_style":null,"content_filename":null,"original_link":"","is_home":"0","is_pinged":"0","is_shop":"0","is_deleted":"0","require_login":"0","status":null,"content_meta_title":"","content_meta_keywords":"","session_id":"WlQw2yzaLWe3nrdoJWmO18p9uPr60ddbUEeUmL5V","updated_at":"2018-01-24 13:52:03","created_at":"2018-01-23 15:55:10","expires_at":null,"created_by":"1","edited_by":"1","posted_at":"2018-01-23 15:55:10","draft_of":null,"copy_of":null},{"id":24,"content_type":"post","subtype":"post","url":"proin-blandit-ligula-non-erat-malesuada-accumsan","title":"PROIN BLANDIT LIGULA NON ERAT MALESUADA ACCUMSAN","parent":"3","description":"","position":"19","content":"\n                                <div class=\"element\">\n                                    <p align=\"justify\" class=\"element element-over\" id=\"element_1516783426201\">Quisque nunc eros, suscipit et semper eu, congue at dui. Aenean venenatis mauris ac laoreet pretium. Lorem ipsum dolor sit amet, consectetur adipiscing elit. Proin sodales orci eu massa rutrum, vel feugiat magna rutrum. Quisque velit augue, tempor sit amet facilisis eget, dapibus ac sem. Etiam rutrum ante a ipsum vulputate, ut consequat eros tempor. Ut vestibulum rhoncus tortor, porta ultrices urna.\u00c2\u00a0\n\n<\/p>\n                                <\/div>\n                            ","content_body":null,"is_active":"1","subtype_value":"","custom_type":null,"custom_type_value":null,"active_site_template":"","layout_file":"inherit","layout_name":null,"layout_style":null,"content_filename":null,"original_link":"","is_home":"0","is_pinged":"0","is_shop":"0","is_deleted":"0","require_login":"0","status":null,"content_meta_title":"","content_meta_keywords":"","session_id":"WlQw2yzaLWe3nrdoJWmO18p9uPr60ddbUEeUmL5V","updated_at":"2018-01-24 08:50:19","created_at":"2018-01-24 08:45:14","expires_at":null,"created_by":"1","edited_by":"1","posted_at":"2018-01-24 08:45:14","draft_of":null,"copy_of":null},{"id":25,"content_type":"post","subtype":"post","url":"quisque-at-sodales-erat-luctus-mattis-neque","title":"QUISQUE AT SODALES ERAT, LUCTUS MATTIS NEQUE","parent":"3","description":"","position":"20","content":"\n                                <div class=\"element\">\n                                    <p id=\"dlp-item-1516783652551\" class=\"element\" align=\"justify\">Donec ornare pharetra nisl ut facilisis. Cum sociis natoque penatibus et magnis dis parturient montes, nascetur ridiculus mus. Nulla a ex tincidunt, ullamcorper lectus in, consectetur diam. Ut blandit vel dui at convallis. Maecenas id ultricies dui. Interdum et malesuada fames ac ante ipsum primis in faucibus. In fermentum aliquam mi, quis eleifend velit dictum et.\u00c2\u00a0 Donec pharetra libero ex, non rhoncus erat consectetur gravida.\u00c2\u00a0<br><\/p>\n<p id=\"dlp-item-1516783652552\" class=\"element\" align=\"justify\">Quisque at sodales erat, luctus mattis neque. Sed et sem urna. Integer convallis finibus orci. Quisque gravida massa eu ligula lacinia fermentum. Pellentesque iaculis sapien a porttitor mollis. Suspendisse in iaculis lectus. Curabitur sed ullamcorper neque, vitae eleifend elit. Cras a massa at velit lacinia vehicula. Ut est nunc, convallis vel convallis\u00c2\u00a0 sed, pulvinar sit amet nibh.\u00c2\u00a0 Nulla sed purus elit. Cras convallis elit sed lorem gravida, sed sagittis ipsum eleifend. Nullam ac nunc sit amet tortor pulvinar rhoncus. Nulla sed congue quam. In hac habitasse platea dictumst.<span>\u00c2\u00a0<\/span><br><\/p>\n<p align=\"justify\" class=\"element\" id=\"element_1516783651755\"><\/p>\n<p id=\"dlp-item-1516783652553\" class=\"element element-over\" align=\"justify\">Maecenas a sollicitudin risus. Integer faucibus dignissim risus, ac sollicitudin ante interdum at. Sed non est ullamcorper nibh rhoncus congue ac a tellus. Integer pharetra sem sem, vel ultrices purus bibendum fermentum. Integer semper, tellus id ornare euismod, ante tellus euismod libero, eget placerat lectus est et metus. Etiam aliquet non felis vel accumsan. In convallis ante nec diam vulputate vulputate. Aliquam viverra eget lorem in ornare. Praesent risus tortor, sagittis sit amet faucibus eu, condimentum vitae est.\u00c2\u00a0<\/p>\n                                <\/div>\n                            ","content_body":null,"is_active":"1","subtype_value":"","custom_type":null,"custom_type_value":null,"active_site_template":"","layout_file":"inherit","layout_name":null,"layout_style":null,"content_filename":null,"original_link":"","is_home":"0","is_pinged":"0","is_shop":"0","is_deleted":"0","require_login":"0","status":null,"content_meta_title":"","content_meta_keywords":"","session_id":"WlQw2yzaLWe3nrdoJWmO18p9uPr60ddbUEeUmL5V","updated_at":"2018-01-24 08:50:32","created_at":"2018-01-24 08:49:35","expires_at":null,"created_by":"1","edited_by":"1","posted_at":"2018-01-24 08:49:35","draft_of":null,"copy_of":null},{"id":26,"content_type":"product","subtype":"product","url":"pentax-645d","title":"PENTAX 645D","parent":"27","description":"","position":"21","content":"\n                            <ul>\n<li>40 megapixel CCD sensor provides a top resolution of 7264x5440<\/li>\n<li>Fully weather sealed and coldproof design resists rain, snow, dust and other environmental hazards during field use<\/li>\n<li>14 Bit RAW files in Pentax PEF and Adobe DNG formats<\/li>\n<li>Dual slot SD\/SDHC memory card support<\/li>\n<li>Responsive 11 point SAFOX IX+autofocus system features a light wavelength sensor for improved focusspeed even in different lighting environments<\/li>\n<\/ul>\n","content_body":null,"is_active":"1","subtype_value":"","custom_type":null,"custom_type_value":null,"active_site_template":"","layout_file":"inherit","layout_name":null,"layout_style":null,"content_filename":null,"original_link":"","is_home":"0","is_pinged":"0","is_shop":"0","is_deleted":"0","require_login":"0","status":null,"content_meta_title":"","content_meta_keywords":"","session_id":"WlQw2yzaLWe3nrdoJWmO18p9uPr60ddbUEeUmL5V","updated_at":"2018-01-24 10:52:53","created_at":"2018-01-24 10:28:13","expires_at":null,"created_by":"1","edited_by":"1","posted_at":"2018-01-24 10:28:13","draft_of":null,"copy_of":null},{"id":27,"content_type":"page","subtype":"dynamic","url":"shop","title":"Shop","parent":"0","description":"","position":"-3","content":null,"content_body":null,"is_active":"1","subtype_value":null,"custom_type":null,"custom_type_value":null,"active_site_template":"default","layout_file":"layouts__shop.php","layout_name":null,"layout_style":null,"content_filename":null,"original_link":"","is_home":"0","is_pinged":"0","is_shop":"1","is_deleted":"0","require_login":"0","status":null,"content_meta_title":"","content_meta_keywords":"","session_id":"WlQw2yzaLWe3nrdoJWmO18p9uPr60ddbUEeUmL5V","updated_at":"2018-01-24 11:58:58","created_at":"2018-01-24 10:28:50","expires_at":null,"created_by":"1","edited_by":"1","posted_at":"2018-01-24 11:58:57","draft_of":null,"copy_of":null},{"id":28,"content_type":"product","subtype":"product","url":"pocket-cinema-camera","title":"POCKET CINEMA CAMERA","parent":"27","description":"","position":"22","content":"\n                            <p class=\"element element-over\" id=\"element_1516791184503\">Introducing the pocket sized Super 16 digital film camera that's small enough to keep with you at all times, so you'll never miss a shot! Get true digital film images with feature film style 13 stops of dynamic range, Super 16 sensor size, high quality lossless CinemaDNG RAW and Apple ProRes recording and the flexibility of an active Micro Four Thirds lens mount, all packed into an incredibly tiny size! The Blackmagic Pocket Cinema Camera records 1080HD resolution ProRes 422 (HQ) files direct to fast SD cards, so you can immediately edit or color correct your media on your laptop. Blackmagic Pocket Cinema Camera is everything you need to bring cinematic film look shooting to the most difficult and remote locations, perfect for documentaries, independent films, photo journalism, music festivals, ENG, protest marches and even war zones.\n\n<\/p>\n                        ","content_body":null,"is_active":"1","subtype_value":"","custom_type":null,"custom_type_value":null,"active_site_template":"","layout_file":"inherit","layout_name":null,"layout_style":null,"content_filename":null,"original_link":"","is_home":"0","is_pinged":"0","is_shop":"0","is_deleted":"0","require_login":"0","status":null,"content_meta_title":"","content_meta_keywords":"","session_id":"WlQw2yzaLWe3nrdoJWmO18p9uPr60ddbUEeUmL5V","updated_at":"2018-01-24 10:54:00","created_at":"2018-01-24 10:53:59","expires_at":null,"created_by":"1","edited_by":"1","posted_at":"2018-01-24 10:53:59","draft_of":null,"copy_of":null},{"id":29,"content_type":"product","subtype":"product","url":"samsung-nx3000","title":"SAMSUNG NX3000","parent":"27","description":"","position":"23","content":"\n                            <p class=\"element element-over\" id=\"element_1516794885877\">Discover amazing detail thanks to the powerful 20.3MP APS-C sensor. Enjoy premium vintage design with an elegant leather-like finish. Take perfect selfies with the 3\u00e2\u0080\u009d flip-up display and Wink Shot. Share images easily and wirelessly via Wi-Fi and NFC connectivity.\n\n<\/p>\n                        ","content_body":null,"is_active":"1","subtype_value":"","custom_type":null,"custom_type_value":null,"active_site_template":"","layout_file":"inherit","layout_name":null,"layout_style":null,"content_filename":null,"original_link":"","is_home":"0","is_pinged":"0","is_shop":"0","is_deleted":"0","require_login":"0","status":null,"content_meta_title":"","content_meta_keywords":"","session_id":"WlQw2yzaLWe3nrdoJWmO18p9uPr60ddbUEeUmL5V","updated_at":"2018-01-24 11:55:20","created_at":"2018-01-24 11:55:19","expires_at":null,"created_by":"1","edited_by":"1","posted_at":"2018-01-24 11:55:19","draft_of":null,"copy_of":null},{"id":30,"content_type":"product","subtype":"product","url":"product-inner-page","title":"PRODUCT INNER PAGE","parent":"27","description":"","position":"24","content":"\n                            <p class=\"element element-over\" id=\"element_1516794990372\">The top of the line Sony NEX-7 is a compact system camera that offers enthusiasts excellent control over camera settings, as well as a built-in high-resolution electronic viewfinder. The biggest news, though, is the 24.3 megapixel APS-C sensor that shoots at up to 10 frames\/second with incredible image quality, plus Full HD video. The Sony NEX-7 is easily the best camera Sony\u00c2\u00b4s ever made.\n\n<\/p>\n                        ","content_body":null,"is_active":"1","subtype_value":"","custom_type":null,"custom_type_value":null,"active_site_template":"","layout_file":"inherit","layout_name":null,"layout_style":null,"content_filename":null,"original_link":"","is_home":"0","is_pinged":"0","is_shop":"0","is_deleted":"0","require_login":"0","status":null,"content_meta_title":"","content_meta_keywords":"","session_id":"WlQw2yzaLWe3nrdoJWmO18p9uPr60ddbUEeUmL5V","updated_at":"2018-01-24 11:56:52","created_at":"2018-01-24 11:56:50","expires_at":null,"created_by":"1","edited_by":"1","posted_at":"2018-01-24 11:56:50","draft_of":null,"copy_of":null},{"id":31,"content_type":"product","subtype":"product","url":"wrs-1250","title":"WRS-1250","parent":"27","description":"","position":"25","content":"\n                            <p class=\"element element-over\" id=\"element_1516795067846\">DIGITAL WIDE SYSTEM The Cambo Wide Series provides true wide-angle coverage that is so lacking in most medium format digital photography systems today. With a choice of focal lengths starting at the incredible wide 23mm up to the moderate telephoto 150mm and options for even longer focal lengths, the Cambo Wide system of cameras are the ideal solution for today\u00e2\u0080\u0099s architectural and landscape photographers. The concept of the Cambo Wide family began decades ago. It grew out of architectural and landscape photographer\u00e2\u0080\u0099s needs for a lightweight and portable camera that would produce the finest quality images.<\/p>\n<p class=\"element\" id=\"element_1516795067721\"><\/p>\n<p class=\"element\" id=\"element_1516795068706\">As large and medium format film was supplanted by high-quality digital backsas the pinnacle of photographic quality, Cambo evolved its Wide cameras to embrace this new technology. Today we offer three distinctly different models of Wide cameras, the Wide Compact, the Wide RS 1200 and the Wide RS 5000, each in different configurations. Each model has its own unique features, yet all are compatible with a shared family of lenses and digital back options. All Cambo Wide models combine the quickness and portability of a hand-held DSLR, the latest digital-lens technology and the highest resolution digital backs. The end result gives you the finest quality images possible today.<\/p>\n                        ","content_body":null,"is_active":"1","subtype_value":"","custom_type":null,"custom_type_value":null,"active_site_template":"","layout_file":"inherit","layout_name":null,"layout_style":null,"content_filename":null,"original_link":"","is_home":"0","is_pinged":"0","is_shop":"0","is_deleted":"0","require_login":"0","status":null,"content_meta_title":"","content_meta_keywords":"","session_id":"WlQw2yzaLWe3nrdoJWmO18p9uPr60ddbUEeUmL5V","updated_at":"2018-01-24 11:58:10","created_at":"2018-01-24 11:58:00","expires_at":null,"created_by":"1","edited_by":"1","posted_at":"2018-01-24 11:58:00","draft_of":null,"copy_of":null},{"id":32,"content_type":"product","subtype":"product","url":"nikon-d750","title":"NIKON D750","parent":"27","description":"","position":"26","content":null,"content_body":null,"is_active":"1","subtype_value":"","custom_type":null,"custom_type_value":null,"active_site_template":"","layout_file":"inherit","layout_name":null,"layout_style":null,"content_filename":null,"original_link":"","is_home":"0","is_pinged":"0","is_shop":"0","is_deleted":"0","require_login":"0","status":null,"content_meta_title":"","content_meta_keywords":"","session_id":"WlQw2yzaLWe3nrdoJWmO18p9uPr60ddbUEeUmL5V","updated_at":"2018-01-24 11:58:58","created_at":"2018-01-24 11:58:57","expires_at":null,"created_by":"1","edited_by":"1","posted_at":"2018-01-24 11:58:57","draft_of":null,"copy_of":null},{"id":33,"content_type":"page","subtype":"static","url":"contacts","title":"Contacts","parent":"0","description":"","position":"-6","content":null,"content_body":null,"is_active":"1","subtype_value":"","custom_type":null,"custom_type_value":null,"active_site_template":"default","layout_file":"layouts__contacts.php","layout_name":null,"layout_style":null,"content_filename":null,"original_link":"","is_home":"0","is_pinged":"0","is_shop":"0","is_deleted":"0","require_login":"0","status":null,"content_meta_title":"","content_meta_keywords":"","session_id":"WlQw2yzaLWe3nrdoJWmO18p9uPr60ddbUEeUmL5V","updated_at":"2018-01-24 13:51:13","created_at":"2018-01-24 13:40:28","expires_at":null,"created_by":"1","edited_by":"1","posted_at":"2018-01-24 13:40:28","draft_of":null,"copy_of":null},{"id":34,"content_type":"page","subtype":"static","url":"text-page","title":"Text page","parent":"0","description":"","position":"-7","content":null,"content_body":null,"is_active":"1","subtype_value":"","custom_type":null,"custom_type_value":null,"active_site_template":"default","layout_file":"text-page.php","layout_name":null,"layout_style":null,"content_filename":null,"original_link":"","is_home":"0","is_pinged":"0","is_shop":"0","is_deleted":"0","require_login":"0","status":null,"content_meta_title":"","content_meta_keywords":"","session_id":"WlQw2yzaLWe3nrdoJWmO18p9uPr60ddbUEeUmL5V","updated_at":"2018-01-24 13:53:42","created_at":"2018-01-24 13:52:20","expires_at":null,"created_by":"1","edited_by":"1","posted_at":"2018-01-24 13:52:20","draft_of":null,"copy_of":null}],"content_data":[{"id":"1","updated_at":"2018-01-24 10:52:53","created_at":"2018-01-24 10:28:13","created_by":"1","edited_by":"1","content_id":"26","field_name":"qty","field_value":"nolimit","session_id":"WlQw2yzaLWe3nrdoJWmO18p9uPr60ddbUEeUmL5V","rel_type":"content","rel_id":"26"},{"id":"2","updated_at":"2018-01-24 10:52:53","created_at":"2018-01-24 10:28:13","created_by":"1","edited_by":"1","content_id":"26","field_name":"sku","field_value":"","session_id":"WlQw2yzaLWe3nrdoJWmO18p9uPr60ddbUEeUmL5V","rel_type":"content","rel_id":"26"},{"id":"3","updated_at":"2018-01-24 10:52:53","created_at":"2018-01-24 10:28:13","created_by":"1","edited_by":"1","content_id":"26","field_name":"shipping_weight","field_value":"","session_id":"WlQw2yzaLWe3nrdoJWmO18p9uPr60ddbUEeUmL5V","rel_type":"content","rel_id":"26"},{"id":"4","updated_at":"2018-01-24 10:52:53","created_at":"2018-01-24 10:28:13","created_by":"1","edited_by":"1","content_id":"26","field_name":"shipping_width","field_value":"","session_id":"WlQw2yzaLWe3nrdoJWmO18p9uPr60ddbUEeUmL5V","rel_type":"content","rel_id":"26"},{"id":"5","updated_at":"2018-01-24 10:52:53","created_at":"2018-01-24 10:28:13","created_by":"1","edited_by":"1","content_id":"26","field_name":"shipping_height","field_value":"","session_id":"WlQw2yzaLWe3nrdoJWmO18p9uPr60ddbUEeUmL5V","rel_type":"content","rel_id":"26"},{"id":"6","updated_at":"2018-01-24 10:52:53","created_at":"2018-01-24 10:28:13","created_by":"1","edited_by":"1","content_id":"26","field_name":"shipping_depth","field_value":"","session_id":"WlQw2yzaLWe3nrdoJWmO18p9uPr60ddbUEeUmL5V","rel_type":"content","rel_id":"26"},{"id":"7","updated_at":"2018-01-24 10:52:53","created_at":"2018-01-24 10:28:13","created_by":"1","edited_by":"1","content_id":"26","field_name":"additional_shipping_cost","field_value":"","session_id":"WlQw2yzaLWe3nrdoJWmO18p9uPr60ddbUEeUmL5V","rel_type":"content","rel_id":"26"},{"id":"8","updated_at":"2018-01-24 10:52:53","created_at":"2018-01-24 10:28:13","created_by":"1","edited_by":"1","content_id":"26","field_name":"max_qty_per_order","field_value":"","session_id":"WlQw2yzaLWe3nrdoJWmO18p9uPr60ddbUEeUmL5V","rel_type":"content","rel_id":"26"},{"id":"9","updated_at":"2018-01-24 10:53:59","created_at":"2018-01-24 10:53:59","created_by":"1","edited_by":"1","content_id":"28","field_name":"qty","field_value":"nolimit","session_id":"WlQw2yzaLWe3nrdoJWmO18p9uPr60ddbUEeUmL5V","rel_type":"content","rel_id":"28"},{"id":"10","updated_at":"2018-01-24 10:53:59","created_at":"2018-01-24 10:53:59","created_by":"1","edited_by":"1","content_id":"28","field_name":"sku","field_value":"","session_id":"WlQw2yzaLWe3nrdoJWmO18p9uPr60ddbUEeUmL5V","rel_type":"content","rel_id":"28"},{"id":"11","updated_at":"2018-01-24 10:53:59","created_at":"2018-01-24 10:53:59","created_by":"1","edited_by":"1","content_id":"28","field_name":"shipping_weight","field_value":"","session_id":"WlQw2yzaLWe3nrdoJWmO18p9uPr60ddbUEeUmL5V","rel_type":"content","rel_id":"28"},{"id":"12","updated_at":"2018-01-24 10:53:59","created_at":"2018-01-24 10:53:59","created_by":"1","edited_by":"1","content_id":"28","field_name":"shipping_width","field_value":"","session_id":"WlQw2yzaLWe3nrdoJWmO18p9uPr60ddbUEeUmL5V","rel_type":"content","rel_id":"28"},{"id":"13","updated_at":"2018-01-24 10:53:59","created_at":"2018-01-24 10:53:59","created_by":"1","edited_by":"1","content_id":"28","field_name":"shipping_height","field_value":"","session_id":"WlQw2yzaLWe3nrdoJWmO18p9uPr60ddbUEeUmL5V","rel_type":"content","rel_id":"28"},{"id":"14","updated_at":"2018-01-24 10:53:59","created_at":"2018-01-24 10:53:59","created_by":"1","edited_by":"1","content_id":"28","field_name":"shipping_depth","field_value":"","session_id":"WlQw2yzaLWe3nrdoJWmO18p9uPr60ddbUEeUmL5V","rel_type":"content","rel_id":"28"},{"id":"15","updated_at":"2018-01-24 10:53:59","created_at":"2018-01-24 10:53:59","created_by":"1","edited_by":"1","content_id":"28","field_name":"additional_shipping_cost","field_value":"","session_id":"WlQw2yzaLWe3nrdoJWmO18p9uPr60ddbUEeUmL5V","rel_type":"content","rel_id":"28"},{"id":"16","updated_at":"2018-01-24 10:53:59","created_at":"2018-01-24 10:53:59","created_by":"1","edited_by":"1","content_id":"28","field_name":"max_qty_per_order","field_value":"","session_id":"WlQw2yzaLWe3nrdoJWmO18p9uPr60ddbUEeUmL5V","rel_type":"content","rel_id":"28"},{"id":"17","updated_at":"2018-01-24 11:55:19","created_at":"2018-01-24 11:55:19","created_by":"1","edited_by":"1","content_id":"29","field_name":"qty","field_value":"nolimit","session_id":"WlQw2yzaLWe3nrdoJWmO18p9uPr60ddbUEeUmL5V","rel_type":"content","rel_id":"29"},{"id":"18","updated_at":"2018-01-24 11:55:19","created_at":"2018-01-24 11:55:19","created_by":"1","edited_by":"1","content_id":"29","field_name":"sku","field_value":"","session_id":"WlQw2yzaLWe3nrdoJWmO18p9uPr60ddbUEeUmL5V","rel_type":"content","rel_id":"29"},{"id":"19","updated_at":"2018-01-24 11:55:19","created_at":"2018-01-24 11:55:19","created_by":"1","edited_by":"1","content_id":"29","field_name":"shipping_weight","field_value":"","session_id":"WlQw2yzaLWe3nrdoJWmO18p9uPr60ddbUEeUmL5V","rel_type":"content","rel_id":"29"},{"id":"20","updated_at":"2018-01-24 11:55:19","created_at":"2018-01-24 11:55:19","created_by":"1","edited_by":"1","content_id":"29","field_name":"shipping_width","field_value":"","session_id":"WlQw2yzaLWe3nrdoJWmO18p9uPr60ddbUEeUmL5V","rel_type":"content","rel_id":"29"},{"id":"21","updated_at":"2018-01-24 11:55:19","created_at":"2018-01-24 11:55:19","created_by":"1","edited_by":"1","content_id":"29","field_name":"shipping_height","field_value":"","session_id":"WlQw2yzaLWe3nrdoJWmO18p9uPr60ddbUEeUmL5V","rel_type":"content","rel_id":"29"},{"id":"22","updated_at":"2018-01-24 11:55:19","created_at":"2018-01-24 11:55:19","created_by":"1","edited_by":"1","content_id":"29","field_name":"shipping_depth","field_value":"","session_id":"WlQw2yzaLWe3nrdoJWmO18p9uPr60ddbUEeUmL5V","rel_type":"content","rel_id":"29"},{"id":"23","updated_at":"2018-01-24 11:55:19","created_at":"2018-01-24 11:55:19","created_by":"1","edited_by":"1","content_id":"29","field_name":"additional_shipping_cost","field_value":"","session_id":"WlQw2yzaLWe3nrdoJWmO18p9uPr60ddbUEeUmL5V","rel_type":"content","rel_id":"29"},{"id":"24","updated_at":"2018-01-24 11:55:19","created_at":"2018-01-24 11:55:19","created_by":"1","edited_by":"1","content_id":"29","field_name":"max_qty_per_order","field_value":"","session_id":"WlQw2yzaLWe3nrdoJWmO18p9uPr60ddbUEeUmL5V","rel_type":"content","rel_id":"29"},{"id":"25","updated_at":"2018-01-24 11:56:50","created_at":"2018-01-24 11:56:50","created_by":"1","edited_by":"1","content_id":"30","field_name":"qty","field_value":"nolimit","session_id":"WlQw2yzaLWe3nrdoJWmO18p9uPr60ddbUEeUmL5V","rel_type":"content","rel_id":"30"},{"id":"26","updated_at":"2018-01-24 11:56:50","created_at":"2018-01-24 11:56:50","created_by":"1","edited_by":"1","content_id":"30","field_name":"sku","field_value":"","session_id":"WlQw2yzaLWe3nrdoJWmO18p9uPr60ddbUEeUmL5V","rel_type":"content","rel_id":"30"},{"id":"27","updated_at":"2018-01-24 11:56:50","created_at":"2018-01-24 11:56:50","created_by":"1","edited_by":"1","content_id":"30","field_name":"shipping_weight","field_value":"","session_id":"WlQw2yzaLWe3nrdoJWmO18p9uPr60ddbUEeUmL5V","rel_type":"content","rel_id":"30"},{"id":"28","updated_at":"2018-01-24 11:56:50","created_at":"2018-01-24 11:56:50","created_by":"1","edited_by":"1","content_id":"30","field_name":"shipping_width","field_value":"","session_id":"WlQw2yzaLWe3nrdoJWmO18p9uPr60ddbUEeUmL5V","rel_type":"content","rel_id":"30"},{"id":"29","updated_at":"2018-01-24 11:56:50","created_at":"2018-01-24 11:56:50","created_by":"1","edited_by":"1","content_id":"30","field_name":"shipping_height","field_value":"","session_id":"WlQw2yzaLWe3nrdoJWmO18p9uPr60ddbUEeUmL5V","rel_type":"content","rel_id":"30"},{"id":"30","updated_at":"2018-01-24 11:56:50","created_at":"2018-01-24 11:56:50","created_by":"1","edited_by":"1","content_id":"30","field_name":"shipping_depth","field_value":"","session_id":"WlQw2yzaLWe3nrdoJWmO18p9uPr60ddbUEeUmL5V","rel_type":"content","rel_id":"30"},{"id":"31","updated_at":"2018-01-24 11:56:51","created_at":"2018-01-24 11:56:51","created_by":"1","edited_by":"1","content_id":"30","field_name":"additional_shipping_cost","field_value":"","session_id":"WlQw2yzaLWe3nrdoJWmO18p9uPr60ddbUEeUmL5V","rel_type":"content","rel_id":"30"},{"id":"32","updated_at":"2018-01-24 11:56:51","created_at":"2018-01-24 11:56:51","created_by":"1","edited_by":"1","content_id":"30","field_name":"max_qty_per_order","field_value":"","session_id":"WlQw2yzaLWe3nrdoJWmO18p9uPr60ddbUEeUmL5V","rel_type":"content","rel_id":"30"},{"id":"33","updated_at":"2018-01-24 11:58:10","created_at":"2018-01-24 11:58:01","created_by":"1","edited_by":"1","content_id":"31","field_name":"qty","field_value":"nolimit","session_id":"WlQw2yzaLWe3nrdoJWmO18p9uPr60ddbUEeUmL5V","rel_type":"content","rel_id":"31"},{"id":"34","updated_at":"2018-01-24 11:58:10","created_at":"2018-01-24 11:58:01","created_by":"1","edited_by":"1","content_id":"31","field_name":"sku","field_value":"","session_id":"WlQw2yzaLWe3nrdoJWmO18p9uPr60ddbUEeUmL5V","rel_type":"content","rel_id":"31"},{"id":"35","updated_at":"2018-01-24 11:58:10","created_at":"2018-01-24 11:58:01","created_by":"1","edited_by":"1","content_id":"31","field_name":"shipping_weight","field_value":"","session_id":"WlQw2yzaLWe3nrdoJWmO18p9uPr60ddbUEeUmL5V","rel_type":"content","rel_id":"31"},{"id":"36","updated_at":"2018-01-24 11:58:10","created_at":"2018-01-24 11:58:01","created_by":"1","edited_by":"1","content_id":"31","field_name":"shipping_width","field_value":"","session_id":"WlQw2yzaLWe3nrdoJWmO18p9uPr60ddbUEeUmL5V","rel_type":"content","rel_id":"31"},{"id":"37","updated_at":"2018-01-24 11:58:10","created_at":"2018-01-24 11:58:01","created_by":"1","edited_by":"1","content_id":"31","field_name":"shipping_height","field_value":"","session_id":"WlQw2yzaLWe3nrdoJWmO18p9uPr60ddbUEeUmL5V","rel_type":"content","rel_id":"31"},{"id":"38","updated_at":"2018-01-24 11:58:10","created_at":"2018-01-24 11:58:01","created_by":"1","edited_by":"1","content_id":"31","field_name":"shipping_depth","field_value":"","session_id":"WlQw2yzaLWe3nrdoJWmO18p9uPr60ddbUEeUmL5V","rel_type":"content","rel_id":"31"},{"id":"39","updated_at":"2018-01-24 11:58:10","created_at":"2018-01-24 11:58:01","created_by":"1","edited_by":"1","content_id":"31","field_name":"additional_shipping_cost","field_value":"","session_id":"WlQw2yzaLWe3nrdoJWmO18p9uPr60ddbUEeUmL5V","rel_type":"content","rel_id":"31"},{"id":"40","updated_at":"2018-01-24 11:58:10","created_at":"2018-01-24 11:58:01","created_by":"1","edited_by":"1","content_id":"31","field_name":"max_qty_per_order","field_value":"","session_id":"WlQw2yzaLWe3nrdoJWmO18p9uPr60ddbUEeUmL5V","rel_type":"content","rel_id":"31"},{"id":"41","updated_at":"2018-01-24 11:58:57","created_at":"2018-01-24 11:58:57","created_by":"1","edited_by":"1","content_id":"32","field_name":"qty","field_value":"nolimit","session_id":"WlQw2yzaLWe3nrdoJWmO18p9uPr60ddbUEeUmL5V","rel_type":"content","rel_id":"32"},{"id":"42","updated_at":"2018-01-24 11:58:58","created_at":"2018-01-24 11:58:58","created_by":"1","edited_by":"1","content_id":"32","field_name":"sku","field_value":"","session_id":"WlQw2yzaLWe3nrdoJWmO18p9uPr60ddbUEeUmL5V","rel_type":"content","rel_id":"32"},{"id":"43","updated_at":"2018-01-24 11:58:58","created_at":"2018-01-24 11:58:58","created_by":"1","edited_by":"1","content_id":"32","field_name":"shipping_weight","field_value":"","session_id":"WlQw2yzaLWe3nrdoJWmO18p9uPr60ddbUEeUmL5V","rel_type":"content","rel_id":"32"},{"id":"44","updated_at":"2018-01-24 11:58:58","created_at":"2018-01-24 11:58:58","created_by":"1","edited_by":"1","content_id":"32","field_name":"shipping_width","field_value":"","session_id":"WlQw2yzaLWe3nrdoJWmO18p9uPr60ddbUEeUmL5V","rel_type":"content","rel_id":"32"},{"id":"45","updated_at":"2018-01-24 11:58:58","created_at":"2018-01-24 11:58:58","created_by":"1","edited_by":"1","content_id":"32","field_name":"shipping_height","field_value":"","session_id":"WlQw2yzaLWe3nrdoJWmO18p9uPr60ddbUEeUmL5V","rel_type":"content","rel_id":"32"},{"id":"46","updated_at":"2018-01-24 11:58:58","created_at":"2018-01-24 11:58:58","created_by":"1","edited_by":"1","content_id":"32","field_name":"shipping_depth","field_value":"","session_id":"WlQw2yzaLWe3nrdoJWmO18p9uPr60ddbUEeUmL5V","rel_type":"content","rel_id":"32"},{"id":"47","updated_at":"2018-01-24 11:58:58","created_at":"2018-01-24 11:58:58","created_by":"1","edited_by":"1","content_id":"32","field_name":"additional_shipping_cost","field_value":"","session_id":"WlQw2yzaLWe3nrdoJWmO18p9uPr60ddbUEeUmL5V","rel_type":"content","rel_id":"32"},{"id":"48","updated_at":"2018-01-24 11:58:58","created_at":"2018-01-24 11:58:58","created_by":"1","edited_by":"1","content_id":"32","field_name":"max_qty_per_order","field_value":"","session_id":"WlQw2yzaLWe3nrdoJWmO18p9uPr60ddbUEeUmL5V","rel_type":"content","rel_id":"32"}],"content_fields":[{"id":"1","updated_at":"2018-01-23 11:33:29","created_at":"2018-01-23 11:33:29","created_by":"1","edited_by":"1","rel_type":"content","rel_id":"5","field":"title","value":"MAJA TOP\u00c4\u008cAGI\u00c4\u0086"},{"id":"2","updated_at":"2018-01-23 11:38:45","created_at":"2018-01-23 11:38:45","created_by":"1","edited_by":"1","rel_type":"content","rel_id":"7","field":"title","value":"SILVIU MUSTATEA"},{"id":"3","updated_at":"2018-01-23 11:39:50","created_at":"2018-01-23 11:39:50","created_by":"1","edited_by":"1","rel_type":"content","rel_id":"8","field":"title","value":"AMERICANO"},{"id":"4","updated_at":"2018-01-23 11:44:23","created_at":"2018-01-23 11:44:23","created_by":"1","edited_by":"1","rel_type":"content","rel_id":"10","field":"title","value":"\u00c3\u0081LVARO SALAS"},{"id":"5","updated_at":"2018-01-23 11:44:50","created_at":"2018-01-23 11:44:50","created_by":"1","edited_by":"1","rel_type":"content","rel_id":"11","field":"title","value":"LAURENT MISS"},{"id":"6","updated_at":"2018-01-23 11:45:47","created_at":"2018-01-23 11:45:47","created_by":"1","edited_by":"1","rel_type":"content","rel_id":"13","field":"title","value":"SARAWUT INTAROB"},{"id":"9","updated_at":"2018-01-24 12:29:06","created_at":"2018-01-24 12:29:06","created_by":"1","edited_by":"1","rel_type":"content","rel_id":"1","field":"photon_content","value":""}],"media":[{"id":1,"updated_at":"2018-01-23 11:31:04","created_at":"2018-01-23 11:31:04","created_by":"1","edited_by":"1","session_id":"JU2WUXE7tFTV2F2pDHQ9gExHAoeAqYLByPy512FY","rel_type":"content","rel_id":"2","media_type":"picture","position":"9999999","title":null,"description":null,"embed_code":null,"filename":"{SITE_URL}userfiles\/media\/smartycash-local\/uploaded\/jared_carlson.jpg","image_options":null},{"id":2,"updated_at":"2018-01-23 11:31:13","created_at":"2018-01-23 11:31:13","created_by":"1","edited_by":"1","session_id":"JU2WUXE7tFTV2F2pDHQ9gExHAoeAqYLByPy512FY","rel_type":"content","rel_id":"edit-post-gallery-main","media_type":"picture","position":"9999999","title":null,"description":null,"embed_code":null,"filename":"{SITE_URL}userfiles\/media\/smartycash-local\/uploaded\/jared_carlson_1.jpg","image_options":null},{"id":3,"updated_at":"2018-01-23 11:31:43","created_at":"2018-01-23 11:31:43","created_by":"1","edited_by":"1","session_id":"JU2WUXE7tFTV2F2pDHQ9gExHAoeAqYLByPy512FY","rel_type":"content","rel_id":"4","media_type":"picture","position":"9999999","title":null,"description":null,"embed_code":null,"filename":"{SITE_URL}userfiles\/media\/smartycash-local\/uploaded\/jared_carlson_2.jpg","image_options":null},{"id":4,"updated_at":"2018-01-23 11:33:27","created_at":"2018-01-23 11:33:27","created_by":"1","edited_by":"1","session_id":"JU2WUXE7tFTV2F2pDHQ9gExHAoeAqYLByPy512FY","rel_type":"content","rel_id":"5","media_type":"picture","position":"9999999","title":null,"description":null,"embed_code":null,"filename":"{SITE_URL}userfiles\/media\/smartycash-local\/uploaded\/maja_top_agi_1_.jpg","image_options":null},{"id":5,"updated_at":"2018-01-23 11:36:21","created_at":"2018-01-23 11:36:21","created_by":"1","edited_by":"1","session_id":"JU2WUXE7tFTV2F2pDHQ9gExHAoeAqYLByPy512FY","rel_type":"content","rel_id":"6","media_type":"picture","position":"9999999","title":null,"description":null,"embed_code":null,"filename":"{SITE_URL}userfiles\/media\/smartycash-local\/uploaded\/michal_vitek_1.jpg","image_options":null},{"id":6,"updated_at":"2018-01-23 11:37:52","created_at":"2018-01-23 11:37:52","created_by":"1","edited_by":"1","session_id":"JU2WUXE7tFTV2F2pDHQ9gExHAoeAqYLByPy512FY","rel_type":"content","rel_id":"7","media_type":"picture","position":"1","title":null,"description":null,"embed_code":null,"filename":"{SITE_URL}userfiles\/media\/smartycash-local\/uploaded\/2048.jpg","image_options":null},{"id":7,"updated_at":"2018-01-23 11:37:53","created_at":"2018-01-23 11:37:53","created_by":"1","edited_by":"1","session_id":"JU2WUXE7tFTV2F2pDHQ9gExHAoeAqYLByPy512FY","rel_type":"content","rel_id":"7","media_type":"picture","position":"2","title":null,"description":null,"embed_code":null,"filename":"{SITE_URL}userfiles\/media\/smartycash-local\/uploaded\/2048_4_.jpg","image_options":null},{"id":8,"updated_at":"2018-01-23 11:37:53","created_at":"2018-01-23 11:37:53","created_by":"1","edited_by":"1","session_id":"JU2WUXE7tFTV2F2pDHQ9gExHAoeAqYLByPy512FY","rel_type":"content","rel_id":"7","media_type":"picture","position":"3","title":null,"description":null,"embed_code":null,"filename":"{SITE_URL}userfiles\/media\/smartycash-local\/uploaded\/20141128124834aleksandra_bandomir.jpg","image_options":null},{"id":9,"updated_at":"2018-01-23 11:37:54","created_at":"2018-01-23 11:37:54","created_by":"1","edited_by":"1","session_id":"JU2WUXE7tFTV2F2pDHQ9gExHAoeAqYLByPy512FY","rel_type":"content","rel_id":"7","media_type":"picture","position":"4","title":null,"description":null,"embed_code":null,"filename":"{SITE_URL}userfiles\/media\/smartycash-local\/uploaded\/20141128124834igor_protchenko_1_.jpg","image_options":null},{"id":10,"updated_at":"2018-01-23 11:37:55","created_at":"2018-01-23 11:37:55","created_by":"1","edited_by":"1","session_id":"JU2WUXE7tFTV2F2pDHQ9gExHAoeAqYLByPy512FY","rel_type":"content","rel_id":"7","media_type":"picture","position":"5","title":null,"description":null,"embed_code":null,"filename":"{SITE_URL}userfiles\/media\/smartycash-local\/uploaded\/20141128124835jon_inge_nordnes.jpg","image_options":null},{"id":11,"updated_at":"2018-01-23 11:37:56","created_at":"2018-01-23 11:37:56","created_by":"1","edited_by":"1","session_id":"JU2WUXE7tFTV2F2pDHQ9gExHAoeAqYLByPy512FY","rel_type":"content","rel_id":"7","media_type":"picture","position":"6","title":null,"description":null,"embed_code":null,"filename":"{SITE_URL}userfiles\/media\/smartycash-local\/uploaded\/2014112812483420481.jpg","image_options":null},{"id":12,"updated_at":"2018-01-23 11:37:56","created_at":"2018-01-23 11:37:56","created_by":"1","edited_by":"1","session_id":"JU2WUXE7tFTV2F2pDHQ9gExHAoeAqYLByPy512FY","rel_type":"content","rel_id":"7","media_type":"picture","position":"7","title":null,"description":null,"embed_code":null,"filename":"{SITE_URL}userfiles\/media\/smartycash-local\/uploaded\/gord_weber.jpg","image_options":null},{"id":13,"updated_at":"2018-01-23 11:37:58","created_at":"2018-01-23 11:37:58","created_by":"1","edited_by":"1","session_id":"JU2WUXE7tFTV2F2pDHQ9gExHAoeAqYLByPy512FY","rel_type":"content","rel_id":"7","media_type":"picture","position":"8","title":null,"description":null,"embed_code":null,"filename":"{SITE_URL}userfiles\/media\/smartycash-local\/uploaded\/igor_protchenko.jpg","image_options":null},{"id":14,"updated_at":"2018-01-23 11:37:59","created_at":"2018-01-23 11:37:59","created_by":"1","edited_by":"1","session_id":"JU2WUXE7tFTV2F2pDHQ9gExHAoeAqYLByPy512FY","rel_type":"content","rel_id":"7","media_type":"picture","position":"9","title":null,"description":null,"embed_code":null,"filename":"{SITE_URL}userfiles\/media\/smartycash-local\/uploaded\/olena_zaskochenko.jpg","image_options":null},{"id":15,"updated_at":"2018-01-23 11:37:59","created_at":"2018-01-23 11:37:59","created_by":"1","edited_by":"1","session_id":"JU2WUXE7tFTV2F2pDHQ9gExHAoeAqYLByPy512FY","rel_type":"content","rel_id":"7","media_type":"picture","position":"0","title":null,"description":null,"embed_code":null,"filename":"{SITE_URL}userfiles\/media\/smartycash-local\/uploaded\/silviu_mustatea.jpg","image_options":null},{"id":16,"updated_at":"2018-01-23 11:38:00","created_at":"2018-01-23 11:38:00","created_by":"1","edited_by":"1","session_id":"JU2WUXE7tFTV2F2pDHQ9gExHAoeAqYLByPy512FY","rel_type":"content","rel_id":"7","media_type":"picture","position":"10","title":null,"description":null,"embed_code":null,"filename":"{SITE_URL}userfiles\/media\/smartycash-local\/uploaded\/silviu_mustatea_1_.jpg","image_options":null},{"id":17,"updated_at":"2018-01-23 11:39:45","created_at":"2018-01-23 11:39:45","created_by":"1","edited_by":"1","session_id":"JU2WUXE7tFTV2F2pDHQ9gExHAoeAqYLByPy512FY","rel_type":"content","rel_id":"8","media_type":"picture","position":"9999999","title":null,"description":null,"embed_code":null,"filename":"{SITE_URL}userfiles\/media\/smartycash-local\/uploaded\/20481.jpg","image_options":null},{"id":18,"updated_at":"2018-01-23 11:40:34","created_at":"2018-01-23 11:40:34","created_by":"1","edited_by":"1","session_id":"JU2WUXE7tFTV2F2pDHQ9gExHAoeAqYLByPy512FY","rel_type":"content","rel_id":"9","media_type":"picture","position":"9999999","title":null,"description":null,"embed_code":null,"filename":"{SITE_URL}userfiles\/media\/smartycash-local\/uploaded\/jon_inge_nordnes.jpg","image_options":null},{"id":19,"updated_at":"2018-01-23 11:44:19","created_at":"2018-01-23 11:44:19","created_by":"1","edited_by":"1","session_id":"JU2WUXE7tFTV2F2pDHQ9gExHAoeAqYLByPy512FY","rel_type":"content","rel_id":"10","media_type":"picture","position":"9999999","title":null,"description":null,"embed_code":null,"filename":"{SITE_URL}userfiles\/media\/smartycash-local\/uploaded\/_lvaro_salas.jpg","image_options":null},{"id":20,"updated_at":"2018-01-23 11:44:47","created_at":"2018-01-23 11:44:47","created_by":"1","edited_by":"1","session_id":"JU2WUXE7tFTV2F2pDHQ9gExHAoeAqYLByPy512FY","rel_type":"content","rel_id":"11","media_type":"picture","position":"9999999","title":null,"description":null,"embed_code":null,"filename":"{SITE_URL}userfiles\/media\/smartycash-local\/uploaded\/laurent_miss.jpg","image_options":null},{"id":21,"updated_at":"2018-01-23 11:45:11","created_at":"2018-01-23 11:45:11","created_by":"1","edited_by":"1","session_id":"JU2WUXE7tFTV2F2pDHQ9gExHAoeAqYLByPy512FY","rel_type":"content","rel_id":"12","media_type":"picture","position":"9999999","title":null,"description":null,"embed_code":null,"filename":"{SITE_URL}userfiles\/media\/smartycash-local\/uploaded\/enes_uygun.jpg","image_options":null},{"id":22,"updated_at":"2018-01-23 11:45:43","created_at":"2018-01-23 11:45:43","created_by":"1","edited_by":"1","session_id":"JU2WUXE7tFTV2F2pDHQ9gExHAoeAqYLByPy512FY","rel_type":"content","rel_id":"13","media_type":"picture","position":"9999999","title":null,"description":null,"embed_code":null,"filename":"{SITE_URL}userfiles\/media\/smartycash-local\/uploaded\/sarawut_intarob.jpg","image_options":null},{"id":23,"updated_at":"2018-01-23 11:46:13","created_at":"2018-01-23 11:46:13","created_by":"1","edited_by":"1","session_id":"JU2WUXE7tFTV2F2pDHQ9gExHAoeAqYLByPy512FY","rel_type":"content","rel_id":"14","media_type":"picture","position":"9999999","title":null,"description":null,"embed_code":null,"filename":"{SITE_URL}userfiles\/media\/smartycash-local\/uploaded\/jose_vazquez.jpg","image_options":null},{"id":24,"updated_at":"2018-01-23 11:46:39","created_at":"2018-01-23 11:46:39","created_by":"1","edited_by":"1","session_id":"JU2WUXE7tFTV2F2pDHQ9gExHAoeAqYLByPy512FY","rel_type":"content","rel_id":"15","media_type":"picture","position":"9999999","title":null,"description":null,"embed_code":null,"filename":"{SITE_URL}userfiles\/media\/smartycash-local\/uploaded\/aleksandra_bandomir.jpg","image_options":null},{"id":25,"updated_at":"2018-01-23 11:47:14","created_at":"2018-01-23 11:47:14","created_by":"1","edited_by":"1","session_id":"JU2WUXE7tFTV2F2pDHQ9gExHAoeAqYLByPy512FY","rel_type":"content","rel_id":"16","media_type":"picture","position":"9999999","title":null,"description":null,"embed_code":null,"filename":"{SITE_URL}userfiles\/media\/smartycash-local\/uploaded\/bruno_demostene.jpg","image_options":null},{"id":26,"updated_at":"2018-01-23 11:47:40","created_at":"2018-01-23 11:47:40","created_by":"1","edited_by":"1","session_id":"JU2WUXE7tFTV2F2pDHQ9gExHAoeAqYLByPy512FY","rel_type":"content","rel_id":"17","media_type":"picture","position":"9999999","title":null,"description":null,"embed_code":null,"filename":"{SITE_URL}userfiles\/media\/smartycash-local\/uploaded\/waleed_pervaiz.jpg","image_options":null},{"id":27,"updated_at":"2018-01-23 11:48:03","created_at":"2018-01-23 11:48:03","created_by":"1","edited_by":"1","session_id":"JU2WUXE7tFTV2F2pDHQ9gExHAoeAqYLByPy512FY","rel_type":"content","rel_id":"19","media_type":"picture","position":"9999999","title":null,"description":null,"embed_code":null,"filename":"{SITE_URL}userfiles\/media\/smartycash-local\/uploaded\/igor_protchenko_1_.jpg","image_options":null},{"id":28,"updated_at":"2018-01-23 11:48:25","created_at":"2018-01-23 11:48:25","created_by":"1","edited_by":"1","session_id":"JU2WUXE7tFTV2F2pDHQ9gExHAoeAqYLByPy512FY","rel_type":"content","rel_id":"19","media_type":"picture","position":"9999999","title":null,"description":null,"embed_code":null,"filename":"{SITE_URL}userfiles\/media\/smartycash-local\/uploaded\/anthony_lafata.jpg","image_options":null},{"id":29,"updated_at":"2018-01-23 11:50:01","created_at":"2018-01-23 11:50:01","created_by":"1","edited_by":"1","session_id":"JU2WUXE7tFTV2F2pDHQ9gExHAoeAqYLByPy512FY","rel_type":"content","rel_id":"18","media_type":"picture","position":"9999999","title":null,"description":null,"embed_code":null,"filename":"{SITE_URL}userfiles\/media\/smartycash-local\/uploaded\/anthony_lafata_1.jpg","image_options":null},{"id":30,"updated_at":"2018-01-23 12:22:22","created_at":"2018-01-23 12:22:22","created_by":"1","edited_by":"1","session_id":"JU2WUXE7tFTV2F2pDHQ9gExHAoeAqYLByPy512FY","rel_type":"content","rel_id":"21","media_type":"picture","position":"9999999","title":null,"description":null,"embed_code":null,"filename":"{SITE_URL}userfiles\/media\/smartycash-local\/uploaded\/igor_protchenko_1__1.jpg","image_options":null},{"id":31,"updated_at":"2018-01-24 08:44:27","created_at":"2018-01-24 08:44:27","created_by":"1","edited_by":"1","session_id":"WlQw2yzaLWe3nrdoJWmO18p9uPr60ddbUEeUmL5V","rel_type":"content","rel_id":"24","media_type":"picture","position":"1","title":null,"description":null,"embed_code":null,"filename":"{SITE_URL}userfiles\/media\/smartycash-local\/uploaded\/8683795034_9f34684a6b_o.jpg","image_options":null},{"id":32,"updated_at":"2018-01-24 08:44:28","created_at":"2018-01-24 08:44:28","created_by":"1","edited_by":"1","session_id":"WlQw2yzaLWe3nrdoJWmO18p9uPr60ddbUEeUmL5V","rel_type":"content","rel_id":"24","media_type":"picture","position":"2","title":null,"description":null,"embed_code":null,"filename":"{SITE_URL}userfiles\/media\/smartycash-local\/uploaded\/14304506980_dd976d7cd5_o.jpg","image_options":null},{"id":33,"updated_at":"2018-01-24 08:44:31","created_at":"2018-01-24 08:44:31","created_by":"1","edited_by":"1","session_id":"WlQw2yzaLWe3nrdoJWmO18p9uPr60ddbUEeUmL5V","rel_type":"content","rel_id":"24","media_type":"picture","position":"3","title":null,"description":null,"embed_code":null,"filename":"{SITE_URL}userfiles\/media\/smartycash-local\/uploaded\/14511270173_19104dfbcb_o.jpg","image_options":null},{"id":34,"updated_at":"2018-01-24 08:44:31","created_at":"2018-01-24 08:44:31","created_by":"1","edited_by":"1","session_id":"WlQw2yzaLWe3nrdoJWmO18p9uPr60ddbUEeUmL5V","rel_type":"content","rel_id":"24","media_type":"picture","position":"0","title":null,"description":null,"embed_code":null,"filename":"{SITE_URL}userfiles\/media\/smartycash-local\/uploaded\/a1.jpg","image_options":null},{"id":35,"updated_at":"2018-01-24 08:48:42","created_at":"2018-01-24 08:48:42","created_by":"1","edited_by":"1","session_id":"WlQw2yzaLWe3nrdoJWmO18p9uPr60ddbUEeUmL5V","rel_type":"content","rel_id":"25","media_type":"picture","position":"9999999","title":null,"description":null,"embed_code":null,"filename":"{SITE_URL}userfiles\/media\/smartycash-local\/uploaded\/image.jpg","image_options":null},{"id":36,"updated_at":"2018-01-24 08:48:43","created_at":"2018-01-24 08:48:43","created_by":"1","edited_by":"1","session_id":"WlQw2yzaLWe3nrdoJWmO18p9uPr60ddbUEeUmL5V","rel_type":"content","rel_id":"25","media_type":"picture","position":"9999999","title":null,"description":null,"embed_code":null,"filename":"{SITE_URL}userfiles\/media\/smartycash-local\/uploaded\/natalie-portman-talks-motherhood.jpg","image_options":null},{"id":37,"updated_at":"2018-01-24 10:28:01","created_at":"2018-01-24 10:28:01","created_by":"1","edited_by":"1","session_id":"WlQw2yzaLWe3nrdoJWmO18p9uPr60ddbUEeUmL5V","rel_type":"content","rel_id":"26","media_type":"picture","position":"9999999","title":null,"description":null,"embed_code":null,"filename":"{SITE_URL}userfiles\/media\/smartycash-local\/uploaded\/20141202142918pentax_1.jpg","image_options":null},{"id":38,"updated_at":"2018-01-24 10:28:02","created_at":"2018-01-24 10:28:02","created_by":"1","edited_by":"1","session_id":"WlQw2yzaLWe3nrdoJWmO18p9uPr60ddbUEeUmL5V","rel_type":"content","rel_id":"26","media_type":"picture","position":"9999999","title":null,"description":null,"embed_code":null,"filename":"{SITE_URL}userfiles\/media\/smartycash-local\/uploaded\/20141202142918pentax_2.jpg","image_options":null},{"id":39,"updated_at":"2018-01-24 10:28:03","created_at":"2018-01-24 10:28:03","created_by":"1","edited_by":"1","session_id":"WlQw2yzaLWe3nrdoJWmO18p9uPr60ddbUEeUmL5V","rel_type":"content","rel_id":"26","media_type":"picture","position":"9999999","title":null,"description":null,"embed_code":null,"filename":"{SITE_URL}userfiles\/media\/smartycash-local\/uploaded\/20141202142918pentax_3.jpg","image_options":null},{"id":40,"updated_at":"2018-01-24 10:53:48","created_at":"2018-01-24 10:53:48","created_by":"1","edited_by":"1","session_id":"WlQw2yzaLWe3nrdoJWmO18p9uPr60ddbUEeUmL5V","rel_type":"content","rel_id":"28","media_type":"picture","position":"9999999","title":null,"description":null,"embed_code":null,"filename":"{SITE_URL}userfiles\/media\/smartycash-local\/uploaded\/bm1.jpg","image_options":null},{"id":41,"updated_at":"2018-01-24 10:53:49","created_at":"2018-01-24 10:53:49","created_by":"1","edited_by":"1","session_id":"WlQw2yzaLWe3nrdoJWmO18p9uPr60ddbUEeUmL5V","rel_type":"content","rel_id":"28","media_type":"picture","position":"9999999","title":null,"description":null,"embed_code":null,"filename":"{SITE_URL}userfiles\/media\/smartycash-local\/uploaded\/bm2.jpg","image_options":null},{"id":42,"updated_at":"2018-01-24 10:53:50","created_at":"2018-01-24 10:53:50","created_by":"1","edited_by":"1","session_id":"WlQw2yzaLWe3nrdoJWmO18p9uPr60ddbUEeUmL5V","rel_type":"content","rel_id":"28","media_type":"picture","position":"9999999","title":null,"description":null,"embed_code":null,"filename":"{SITE_URL}userfiles\/media\/smartycash-local\/uploaded\/bm3.jpg","image_options":null},{"id":43,"updated_at":"2018-01-24 11:55:01","created_at":"2018-01-24 11:55:01","created_by":"1","edited_by":"1","session_id":"WlQw2yzaLWe3nrdoJWmO18p9uPr60ddbUEeUmL5V","rel_type":"content","rel_id":"29","media_type":"picture","position":"9999999","title":null,"description":null,"embed_code":null,"filename":"{SITE_URL}userfiles\/media\/smartycash-local\/uploaded\/sam1.png","image_options":null},{"id":44,"updated_at":"2018-01-24 11:55:03","created_at":"2018-01-24 11:55:03","created_by":"1","edited_by":"1","session_id":"WlQw2yzaLWe3nrdoJWmO18p9uPr60ddbUEeUmL5V","rel_type":"content","rel_id":"29","media_type":"picture","position":"9999999","title":null,"description":null,"embed_code":null,"filename":"{SITE_URL}userfiles\/media\/smartycash-local\/uploaded\/sam3.png","image_options":null},{"id":45,"updated_at":"2018-01-24 11:55:03","created_at":"2018-01-24 11:55:03","created_by":"1","edited_by":"1","session_id":"WlQw2yzaLWe3nrdoJWmO18p9uPr60ddbUEeUmL5V","rel_type":"content","rel_id":"29","media_type":"picture","position":"9999999","title":null,"description":null,"embed_code":null,"filename":"{SITE_URL}userfiles\/media\/smartycash-local\/uploaded\/sam2.png","image_options":null},{"id":46,"updated_at":"2018-01-24 11:55:05","created_at":"2018-01-24 11:55:05","created_by":"1","edited_by":"1","session_id":"WlQw2yzaLWe3nrdoJWmO18p9uPr60ddbUEeUmL5V","rel_type":"content","rel_id":"29","media_type":"picture","position":"9999999","title":null,"description":null,"embed_code":null,"filename":"{SITE_URL}userfiles\/media\/smartycash-local\/uploaded\/sam4.png","image_options":null},{"id":47,"updated_at":"2018-01-24 11:56:47","created_at":"2018-01-24 11:56:47","created_by":"1","edited_by":"1","session_id":"WlQw2yzaLWe3nrdoJWmO18p9uPr60ddbUEeUmL5V","rel_type":"content","rel_id":"30","media_type":"picture","position":"9999999","title":null,"description":null,"embed_code":null,"filename":"{SITE_URL}userfiles\/media\/smartycash-local\/uploaded\/20141202142614sony_1.jpg","image_options":null},{"id":48,"updated_at":"2018-01-24 11:56:48","created_at":"2018-01-24 11:56:48","created_by":"1","edited_by":"1","session_id":"WlQw2yzaLWe3nrdoJWmO18p9uPr60ddbUEeUmL5V","rel_type":"content","rel_id":"30","media_type":"picture","position":"9999999","title":null,"description":null,"embed_code":null,"filename":"{SITE_URL}userfiles\/media\/smartycash-local\/uploaded\/20141202142711sony_2.jpg","image_options":null},{"id":49,"updated_at":"2018-01-24 11:56:48","created_at":"2018-01-24 11:56:48","created_by":"1","edited_by":"1","session_id":"WlQw2yzaLWe3nrdoJWmO18p9uPr60ddbUEeUmL5V","rel_type":"content","rel_id":"30","media_type":"picture","position":"9999999","title":null,"description":null,"embed_code":null,"filename":"{SITE_URL}userfiles\/media\/smartycash-local\/uploaded\/20141202142711sony_3.jpg","image_options":null},{"id":50,"updated_at":"2018-01-24 11:57:42","created_at":"2018-01-24 11:57:42","created_by":"1","edited_by":"1","session_id":"WlQw2yzaLWe3nrdoJWmO18p9uPr60ddbUEeUmL5V","rel_type":"content","rel_id":"31","media_type":"picture","position":"9999999","title":null,"description":null,"embed_code":null,"filename":"{SITE_URL}userfiles\/media\/smartycash-local\/uploaded\/20141202143421cambo_1.jpg","image_options":null},{"id":51,"updated_at":"2018-01-24 11:57:43","created_at":"2018-01-24 11:57:43","created_by":"1","edited_by":"1","session_id":"WlQw2yzaLWe3nrdoJWmO18p9uPr60ddbUEeUmL5V","rel_type":"content","rel_id":"31","media_type":"picture","position":"9999999","title":null,"description":null,"embed_code":null,"filename":"{SITE_URL}userfiles\/media\/smartycash-local\/uploaded\/20141202143502cambo_2.jpg","image_options":null},{"id":52,"updated_at":"2018-01-24 11:58:53","created_at":"2018-01-24 11:58:53","created_by":"1","edited_by":"1","session_id":"WlQw2yzaLWe3nrdoJWmO18p9uPr60ddbUEeUmL5V","rel_type":"content","rel_id":"32","media_type":"picture","position":"9999999","title":null,"description":null,"embed_code":null,"filename":"{SITE_URL}userfiles\/media\/smartycash-local\/uploaded\/20141202143814d700_1.jpg","image_options":null},{"id":53,"updated_at":"2018-01-24 11:58:54","created_at":"2018-01-24 11:58:54","created_by":"1","edited_by":"1","session_id":"WlQw2yzaLWe3nrdoJWmO18p9uPr60ddbUEeUmL5V","rel_type":"content","rel_id":"32","media_type":"picture","position":"9999999","title":null,"description":null,"embed_code":null,"filename":"{SITE_URL}userfiles\/media\/smartycash-local\/uploaded\/20141202143909d700_2.jpg","image_options":null}],"custom_fields":[{"id":"1","rel_type":"content","rel_id":"26","position":null,"type":"price","name":"price","name_key":"price","updated_at":"2018-01-24 10:52:51","created_at":"2018-01-24 10:25:38","created_by":"1","edited_by":"1","session_id":"WlQw2yzaLWe3nrdoJWmO18p9uPr60ddbUEeUmL5V","options":null,"is_active":"1","required":null,"copy_of_field":null},{"id":"2","rel_type":"content","rel_id":"28","position":null,"type":"price","name":"price","name_key":"price","updated_at":"2018-01-24 10:53:37","created_at":"2018-01-24 10:52:58","created_by":"1","edited_by":"1","session_id":"WlQw2yzaLWe3nrdoJWmO18p9uPr60ddbUEeUmL5V","options":null,"is_active":"1","required":null,"copy_of_field":null},{"id":"3","rel_type":"content","rel_id":"29","position":null,"type":"price","name":"price","name_key":"price","updated_at":"2018-01-24 11:55:19","created_at":"2018-01-24 11:54:05","created_by":"1","edited_by":"1","session_id":"WlQw2yzaLWe3nrdoJWmO18p9uPr60ddbUEeUmL5V","options":null,"is_active":"1","required":null,"copy_of_field":null},{"id":"4","rel_type":"content","rel_id":"30","position":null,"type":"price","name":"price","name_key":"price","updated_at":"2018-01-24 11:56:50","created_at":"2018-01-24 11:56:06","created_by":"1","edited_by":"1","session_id":"WlQw2yzaLWe3nrdoJWmO18p9uPr60ddbUEeUmL5V","options":null,"is_active":"1","required":null,"copy_of_field":null},{"id":"5","rel_type":"content","rel_id":"31","position":null,"type":"price","name":"price","name_key":"price","updated_at":"2018-01-24 11:58:09","created_at":"2018-01-24 11:57:20","created_by":"1","edited_by":"1","session_id":"WlQw2yzaLWe3nrdoJWmO18p9uPr60ddbUEeUmL5V","options":null,"is_active":"1","required":null,"copy_of_field":null},{"id":"6","rel_type":"content","rel_id":"32","position":null,"type":"price","name":"price","name_key":"price","updated_at":"2018-01-24 11:58:49","created_at":"2018-01-24 11:58:13","created_by":"1","edited_by":"1","session_id":"WlQw2yzaLWe3nrdoJWmO18p9uPr60ddbUEeUmL5V","options":null,"is_active":"1","required":null,"copy_of_field":null},{"id":"7","rel_type":"module","rel_id":"contact-form","position":"0","type":"name","name":"Name","name_key":"name","updated_at":"2018-01-24 13:37:31","created_at":"2018-01-24 13:37:31","created_by":"1","edited_by":"1","session_id":"WlQw2yzaLWe3nrdoJWmO18p9uPr60ddbUEeUmL5V","options":null,"is_active":"1","required":null,"copy_of_field":null},{"id":"8","rel_type":"module","rel_id":"contact-form","position":"1","type":"email","name":"Email","name_key":"email","updated_at":"2018-01-24 13:37:31","created_at":"2018-01-24 13:37:31","created_by":"1","edited_by":"1","session_id":"WlQw2yzaLWe3nrdoJWmO18p9uPr60ddbUEeUmL5V","options":null,"is_active":"1","required":null,"copy_of_field":null},{"id":"9","rel_type":"module","rel_id":"contact-form","position":"2","type":"message","name":"Message","name_key":"message","updated_at":"2018-01-24 13:37:31","created_at":"2018-01-24 13:37:31","created_by":"1","edited_by":"1","session_id":"WlQw2yzaLWe3nrdoJWmO18p9uPr60ddbUEeUmL5V","options":null,"is_active":"1","required":null,"copy_of_field":null},{"id":"10","rel_type":"module","rel_id":"module-layouts-33-contact-form","position":"0","type":"name","name":"Name","name_key":"name","updated_at":"2018-01-24 13:42:13","created_at":"2018-01-24 13:42:13","created_by":"1","edited_by":"1","session_id":"WlQw2yzaLWe3nrdoJWmO18p9uPr60ddbUEeUmL5V","options":null,"is_active":"1","required":null,"copy_of_field":null},{"id":"11","rel_type":"module","rel_id":"module-layouts-33-contact-form","position":"1","type":"email","name":"Email","name_key":"email","updated_at":"2018-01-24 13:42:14","created_at":"2018-01-24 13:42:14","created_by":"1","edited_by":"1","session_id":"WlQw2yzaLWe3nrdoJWmO18p9uPr60ddbUEeUmL5V","options":null,"is_active":"1","required":null,"copy_of_field":null},{"id":"12","rel_type":"module","rel_id":"module-layouts-33-contact-form","position":"2","type":"message","name":"Message","name_key":"message","updated_at":"2018-01-24 13:42:14","created_at":"2018-01-24 13:42:14","created_by":"1","edited_by":"1","session_id":"WlQw2yzaLWe3nrdoJWmO18p9uPr60ddbUEeUmL5V","options":null,"is_active":"1","required":null,"copy_of_field":null},{"id":"13","rel_type":"module","rel_id":"shipping-info-address-cart-checkout-shop-shipping-shop-shipping-gateways-country","position":"0","type":"address","name":"Address","name_key":"address","updated_at":"2018-01-24 13:56:53","created_at":"2018-01-24 13:56:53","created_by":"1","edited_by":"1","session_id":"WlQw2yzaLWe3nrdoJWmO18p9uPr60ddbUEeUmL5V","options":null,"is_active":"1","required":null,"copy_of_field":null}],"custom_fields_values":[{"id":"1","custom_field_id":"1","value":"4899","position":"0"},{"id":"2","custom_field_id":"2","value":"999","position":"0"},{"id":"3","custom_field_id":"3","value":"1984","position":"0"},{"id":"4","custom_field_id":"4","value":"899","position":"0"},{"id":"5","custom_field_id":"5","value":"805","position":"0"},{"id":"6","custom_field_id":"6","value":"900","position":"0"},{"id":"7","custom_field_id":"7","value":"","position":"0"},{"id":"8","custom_field_id":"8","value":"","position":"0"},{"id":"9","custom_field_id":"9","value":"","position":"0"},{"id":"10","custom_field_id":"10","value":"","position":"0"},{"id":"11","custom_field_id":"11","value":"","position":"0"},{"id":"12","custom_field_id":"12","value":"","position":"0"},{"id":"13","custom_field_id":"13","value":"","position":"0"}],"menus":[{"id":"1","title":"header_menu","item_type":"menu","parent_id":null,"content_id":null,"categories_id":null,"position":null,"updated_at":"2018-01-23 09:11:16","created_at":"2018-01-23 09:11:16","is_active":"1","auto_populate":null,"description":null,"url":null},{"id":"2","title":null,"item_type":"menu_item","parent_id":"1","content_id":"1","categories_id":null,"position":"0","updated_at":"2018-01-23 09:11:16","created_at":"2018-01-23 09:11:16","is_active":"1","auto_populate":null,"description":null,"url":null},{"id":"3","title":"footer_menu","item_type":"menu","parent_id":null,"content_id":null,"categories_id":null,"position":null,"updated_at":"2018-01-23 09:11:16","created_at":"2018-01-23 09:11:16","is_active":"1","auto_populate":null,"description":null,"url":null},{"id":"5","title":"","item_type":"menu_item","parent_id":"1","content_id":"3","categories_id":null,"position":"2","updated_at":"2018-01-24 08:56:54","created_at":"2018-01-24 08:56:54","is_active":null,"auto_populate":"","description":null,"url":null},{"id":"6","title":"","item_type":"menu_item","parent_id":"1","content_id":"20","categories_id":null,"position":"1","updated_at":"2018-01-24 08:57:01","created_at":"2018-01-24 08:57:01","is_active":null,"auto_populate":"","description":null,"url":null},{"id":"7","title":"","item_type":"menu_item","parent_id":"1","content_id":"27","categories_id":null,"position":"3","updated_at":"2018-01-24 10:54:13","created_at":"2018-01-24 10:54:13","is_active":null,"auto_populate":"","description":null,"url":null},{"id":"8","title":"Contacts","item_type":"menu_item","parent_id":"1","content_id":"33","categories_id":null,"position":"6","updated_at":"2018-01-24 13:50:55","created_at":"2018-01-24 13:50:49","is_active":null,"auto_populate":"","description":null,"url":""},{"id":"9","title":"","item_type":"menu_item","parent_id":"1","content_id":"34","categories_id":null,"position":"5","updated_at":"2018-01-24 13:53:53","created_at":"2018-01-24 13:53:53","is_active":null,"auto_populate":"","description":null,"url":null},{"id":"10","title":"","item_type":"menu_item","parent_id":"1","content_id":"23","categories_id":null,"position":"4","updated_at":"2018-01-24 13:53:57","created_at":"2018-01-24 13:53:57","is_active":null,"auto_populate":"","description":null,"url":null}],"options":[{"id":"1","updated_at":"2018-01-23 09:11:16","created_at":"2018-01-23 09:11:16","option_key":"current_template","option_value":"photon","option_key2":null,"option_value2":null,"position":null,"option_group":"template","name":null,"help":null,"field_type":null,"field_values":null,"module":null,"is_system":"1"},{"id":"2","updated_at":"2018-01-23 09:11:17","created_at":"2018-01-23 09:11:17","option_key":"website_title","option_value":"Microweber","option_key2":null,"option_value2":null,"position":null,"option_group":"website","name":null,"help":null,"field_type":null,"field_values":null,"module":null,"is_system":"1"},{"id":"3","updated_at":null,"created_at":null,"option_key":"enable_comments","option_value":"y","option_key2":null,"option_value2":null,"position":null,"option_group":"comments","name":null,"help":null,"field_type":null,"field_values":null,"module":null,"is_system":null},{"id":"4","updated_at":null,"created_at":null,"option_key":"shipping_gw_shop\/shipping\/gateways\/country","option_value":"y","option_key2":null,"option_value2":null,"position":null,"option_group":"shipping","name":null,"help":null,"field_type":null,"field_values":null,"module":null,"is_system":null},{"id":"5","updated_at":null,"created_at":null,"option_key":"payment_gw_shop\/payments\/gateways\/paypal","option_value":"1","option_key2":null,"option_value2":null,"position":null,"option_group":"payments","name":null,"help":null,"field_type":null,"field_values":null,"module":null,"is_system":null},{"id":"6","updated_at":null,"created_at":null,"option_key":"currency","option_value":"USD","option_key2":null,"option_value2":null,"position":null,"option_group":"payments","name":null,"help":null,"field_type":null,"field_values":null,"module":null,"is_system":null},{"id":"7","updated_at":"2018-01-23 09:12:32","created_at":"2018-01-23 09:12:32","option_key":"size","option_value":"auto","option_key2":null,"option_value2":null,"position":null,"option_group":"logo","name":null,"help":null,"field_type":null,"field_values":null,"module":"logo","is_system":null},{"id":"8","updated_at":"2018-01-23 09:12:33","created_at":"2018-01-23 09:12:33","option_key":"logoimage","option_value":"{SITE_URL}userfiles\/media\/smartycash-local\/uploaded\/logo_photon_lens.png","option_key2":null,"option_value2":null,"position":null,"option_group":"logo","name":null,"help":null,"field_type":null,"field_values":null,"module":"logo","is_system":null},{"id":"9","updated_at":"2018-01-23 09:12:50","created_at":"2018-01-23 09:12:37","option_key":"text","option_value":"PHOTON","option_key2":null,"option_value2":null,"position":null,"option_group":"logo","name":null,"help":null,"field_type":null,"field_values":null,"module":"logo","is_system":null},{"id":"10","updated_at":"2018-01-23 09:13:03","created_at":"2018-01-23 09:13:03","option_key":"font_family","option_value":"Droid+Sans","option_key2":null,"option_value2":null,"position":null,"option_group":"logo","name":null,"help":null,"field_type":null,"field_values":null,"module":"logo","is_system":null},{"id":"11","updated_at":"2018-01-24 08:57:42","created_at":"2018-01-24 08:57:42","option_key":"data-page-id","option_value":"20","option_key2":null,"option_value2":null,"position":null,"option_group":"module-layouts-1-posts","name":null,"help":null,"field_type":null,"field_values":null,"module":"posts","is_system":null},{"id":"12","updated_at":"2018-01-24 09:15:03","created_at":"2018-01-24 09:15:03","option_key":"data-page-id","option_value":"20","option_key2":null,"option_value2":null,"position":null,"option_group":"portfolio-posts","name":null,"help":null,"field_type":null,"field_values":null,"module":"posts","is_system":null},{"id":"13","updated_at":"2018-01-24 10:25:05","created_at":"2018-01-24 10:25:05","option_key":"facebook_enabled","option_value":"y","option_key2":null,"option_value2":null,"position":null,"option_group":"nav-social-links","name":null,"help":null,"field_type":null,"field_values":null,"module":"social_links","is_system":null},{"id":"14","updated_at":"2018-01-24 10:25:05","created_at":"2018-01-24 10:25:05","option_key":"twitter_enabled","option_value":"y","option_key2":null,"option_value2":null,"position":null,"option_group":"nav-social-links","name":null,"help":null,"field_type":null,"field_values":null,"module":"social_links","is_system":null},{"id":"15","updated_at":"2018-01-24 10:25:06","created_at":"2018-01-24 10:25:06","option_key":"googleplus_enabled","option_value":"y","option_key2":null,"option_value2":null,"position":null,"option_group":"nav-social-links","name":null,"help":null,"field_type":null,"field_values":null,"module":"social_links","is_system":null},{"id":"16","updated_at":"2018-01-24 10:25:12","created_at":"2018-01-24 10:25:09","option_key":"pinterest_enabled","option_value":"","option_key2":null,"option_value2":null,"position":null,"option_group":"nav-social-links","name":null,"help":null,"field_type":null,"field_values":null,"module":"social_links","is_system":null},{"id":"17","updated_at":"2018-01-24 10:25:21","created_at":"2018-01-24 10:25:10","option_key":"youtube_enabled","option_value":"","option_key2":null,"option_value2":null,"position":null,"option_group":"nav-social-links","name":null,"help":null,"field_type":null,"field_values":null,"module":"social_links","is_system":null},{"id":"18","updated_at":"2018-01-24 10:25:22","created_at":"2018-01-24 10:25:22","option_key":"instagram_enabled","option_value":"y","option_key2":null,"option_value2":null,"position":null,"option_group":"nav-social-links","name":null,"help":null,"field_type":null,"field_values":null,"module":"social_links","is_system":null},{"id":"19","updated_at":"2018-01-24 13:47:51","created_at":"2018-01-24 13:47:51","option_key":"facebook_enabled","option_value":"y","option_key2":null,"option_value2":null,"position":null,"option_group":"contact-socials","name":null,"help":null,"field_type":null,"field_values":null,"module":"social_links","is_system":null},{"id":"20","updated_at":"2018-01-24 13:47:53","created_at":"2018-01-24 13:47:53","option_key":"twitter_enabled","option_value":"y","option_key2":null,"option_value2":null,"position":null,"option_group":"contact-socials","name":null,"help":null,"field_type":null,"field_values":null,"module":"social_links","is_system":null},{"id":"21","updated_at":"2018-01-24 13:47:53","created_at":"2018-01-24 13:47:53","option_key":"googleplus_enabled","option_value":"y","option_key2":null,"option_value2":null,"position":null,"option_group":"contact-socials","name":null,"help":null,"field_type":null,"field_values":null,"module":"social_links","is_system":null},{"id":"22","updated_at":"2018-01-24 13:47:54","created_at":"2018-01-24 13:47:54","option_key":"pinterest_enabled","option_value":"y","option_key2":null,"option_value2":null,"position":null,"option_group":"contact-socials","name":null,"help":null,"field_type":null,"field_values":null,"module":"social_links","is_system":null},{"id":"23","updated_at":"2018-01-24 13:47:55","created_at":"2018-01-24 13:47:55","option_key":"youtube_enabled","option_value":"y","option_key2":null,"option_value2":null,"position":null,"option_group":"contact-socials","name":null,"help":null,"field_type":null,"field_values":null,"module":"social_links","is_system":null}],"cart":[{"id":"1","title":"NIKON D750","is_active":null,"rel_id":"32","rel_type":"content","updated_at":"2018-01-24 13:56:50","created_at":"2018-01-24 13:56:50","price":"900.0","currency":null,"session_id":"WlQw2yzaLWe3nrdoJWmO18p9uPr60ddbUEeUmL5V","qty":"1","other_info":null,"order_completed":"0","order_id":null,"skip_promo_code":null,"created_by":"1","custom_fields_data":"","custom_fields_json":"null","item_image":null,"link":null,"description":null}],"cart_shipping":[{"id":"1","updated_at":null,"created_at":null,"is_active":"1","shipping_cost":"0.0","shipping_cost_max":null,"shipping_cost_above":null,"shipping_country":"Worldwide","position":null,"shipping_type":"fixed","shipping_price_per_size":null,"shipping_price_per_weight":null,"shipping_price_per_item":null,"shipping_price_custom":null}]}